source_id,sample_id,split,layout_typology,typology_name,builtup_sqft,carpet_sqft,bhk,room_count,source_hash
cubicasa5k/labels/train/1000.txt,1000,train,3,Multi-Wing Villa,2723.1,2438.9,5,16,338ade5cc0623018da3d80620ed28588b8c249d08a57adef86eecea0198c43a7
cubicasa5k/labels/train/10000.txt,10000,train,3,Multi-Wing Villa,1336.2,1056.7,4,12,978b9a099c8ef9a5c9c0c87d4d41100b19a4b8b1755dcfd2bcde1cc525794e03
cubicasa5k/labels/train/10001.txt,10001,train,2,Linear Spine,899.1,792.9,2,7,0aa9e2ba16134622357faefeca51eed6a5b69572e5573324d45821aa7f01189e
cubicasa5k/labels/train/10002.txt,10002,train,3,Multi-Wing Villa,2473.8,2228.2,4,10,cf36c3d2f6f07801e00645633ec9daf33f9efd5e6d1a6ba15dcc92cdcfc84d60
cubicasa5k/labels/train/10004.txt,10004,train,1,Zoned Family Residence,820.1,697.9,2,5,27842f0b01d01e35dda015cd426b909d4b7b45e757be76bac9b5566329c31a3f
cubicasa5k/labels/train/10006.txt,10006,train,3,Multi-Wing Villa,2421.2,2147.9,4,12,540fa871e0c7017e734caf523e430432f43559393e135969581ad1dbb0cd6a0e
cubicasa5k/labels/train/10007.txt,10007,train,3,Multi-Wing Villa,3252.5,2954.1,4,10,0c7e87e5797156e4904fd784bc6cf762e87b40497dcd70b8dd9e3736e56592bf
cubicasa5k/labels/train/10010.txt,10010,train,0,Compact Studio,160.6,136.1,1,3,af0089a23487d44caea1d834411ae51fbd26900f92cee071ad6e92166581ad57
cubicasa5k/labels/train/10014.txt,10014,train,3,Multi-Wing Villa,2230.3,1989.7,4,8,d964cde1bf4646dc5e410be4f5f589ded160d4a200d2cf5af32ad793340a669f
cubicasa5k/labels/train/10017.txt,10017,train,1,Zoned Family Residence,1518.3,1350.4,2,6,1080aefe56c3dd78c4d0070715e3ae09f9a9ca2a3aa349b96e8af30f02eede37
cubicasa5k/labels/train/10018.txt,10018,train,1,Zoned Family Residence,782.5,665.2,2,6,95477d598b1a532cad4d70186a342673c06e85c6264d10d0b91521089695a46e
cubicasa5k/labels/train/10019.txt,10019,train,0,Compact Studio,683.1,571.2,1,4,4adb37f4687d2fb2ac79d0a166edcce214b4819c216be67282f5c438b7965eac
cubicasa5k/labels/train/10020.txt,10020,train,0,Compact Studio,558.1,469.9,1,4,d75c1bfef0c481272a68320d751b352e15d03bbcaedbb4b97f3454d538542ec1
cubicasa5k/labels/train/10023.txt,10023,train,1,Zoned Family Residence,1379.8,1178.8,3,9,6b380276ff70749191866692d304086205b7bb9b37ec1e3b7e1d65521c8a02f1
cubicasa5k/labels/train/10025.txt,10025,train,3,Multi-Wing Villa,1508.2,1273.1,4,10,d65a2e3479353d13fefd581190c42230d27a56a7da051a1b2f2a02f305161ad8
cubicasa5k/labels/train/10028.txt,10028,train,0,Compact Studio,368.1,313.2,1,3,af81f4d3a7beea23104c9d69eebd84fdf6c3698eeafda1784eaf398fdbd1cbdb
cubicasa5k/labels/train/10029.txt,10029,train,3,Multi-Wing Villa,989.2,851.1,4,11,750eb207f23acaeb0c38e33862ae8f08318ec2f65ab1d5ba27205ed7d9609edf
cubicasa5k/labels/train/10034.txt,10034,train,1,Zoned Family Residence,904.3,780.8,2,6,30ed68dafa849c95004e183bd196c079063b471162b13fc74cb8542c5a81417c
cubicasa5k/labels/train/10035.txt,10035,train,3,Multi-Wing Villa,1238.6,1075.9,4,13,9c31ab44654fa4d7d29f6cc108c8c218c0a85d1bb82951d54e232b50827351cf
cubicasa5k/labels/train/10036.txt,10036,train,3,Multi-Wing Villa,4192.8,3668.5,5,32,93306d487d43df211cd33985c0dd3e24a63360edae9c02d1780a3ac20f4ed055
cubicasa5k/labels/train/10037.txt,10037,train,1,Zoned Family Residence,1798.9,1536.6,2,5,f9247554b698af87d1006372d3a6e0936042e1738ed48af3aaaaf224d2c4bbf9
cubicasa5k/labels/train/10039.txt,10039,train,3,Multi-Wing Villa,2084.8,1835.1,5,15,27ed3536a54dd374708b222ad3d133302aba9d50750d8e1851759873adb31b8c
cubicasa5k/labels/train/10043.txt,10043,train,1,Zoned Family Residence,1022.9,884.6,2,7,d1af05346a034771d2acd52c1d1089671593fc77cc0d580c2930c1ffd88fcdb2
cubicasa5k/labels/train/10044.txt,10044,train,3,Multi-Wing Villa,2412.3,2151.7,4,14,55f855d6abae029fe9fcac660a34753e7d0b63fe7891e583de22c33be66457ee
cubicasa5k/labels/train/10045.txt,10045,train,0,Compact Studio,405.0,332.1,1,5,ef4df5b1ddab0d6d0620e8222ff8b2d149205a0af55fead3b3d005d4f56a0bc2
cubicasa5k/labels/train/10046.txt,10046,train,3,Multi-Wing Villa,1411.9,1229.4,4,11,ff275f0c42228d3e96d8131b49b559e6e3f429e5f5c115f12492fb7af3adffd8
cubicasa5k/labels/train/10047.txt,10047,train,3,Multi-Wing Villa,2642.9,2375.3,4,12,b00b4c199012efecc14a23059a9bfce448fe435459a9c46a49aac06a75b8639d
cubicasa5k/labels/train/10052.txt,10052,train,2,Linear Spine,1211.7,1083.4,2,5,083c964c0f1aa59c9b1390f01e637743e36561dbbe473246c3c583f4d6cd4be6
cubicasa5k/labels/train/10054.txt,10054,train,3,Multi-Wing Villa,2466.8,2185.4,5,17,759427bd88652a94a1174a8848f3fdb46dffc0a88ab14b0851187017641c5d6f
cubicasa5k/labels/train/10058.txt,10058,train,3,Multi-Wing Villa,4617.6,4157.2,5,16,2eb9032024bf83f6852fd0d978e44e9a9dfde02bfbb738a447713365c85116d0
cubicasa5k/labels/train/10059.txt,10059,train,1,Zoned Family Residence,1033.2,858.2,2,7,d9cd8dbd8a91a9b5cec9d4bfda6d5eb4888ee4e0c8b6ef8600a54b7f7b85d401
cubicasa5k/labels/train/10062.txt,10062,train,1,Zoned Family Residence,741.0,632.8,3,9,173956c5a619643a39caf602d82c971622105dbabb8e7d17179530e5c6080202
cubicasa5k/labels/train/10063.txt,10063,train,3,Multi-Wing Villa,4416.6,3524.7,5,16,eb91cade68047132755502ed1747562feb77697ecb832354c80e1dba38a6f916
cubicasa5k/labels/train/10064.txt,10064,train,3,Multi-Wing Villa,2389.6,2121.6,4,13,4088223a777388ad9bac65726b91d85ad11cca7af278ace417a2e7e5fdfffc12
cubicasa5k/labels/train/10069.txt,10069,train,3,Multi-Wing Villa,3149.3,2854.3,5,17,35b1d5e8afb1a5c1848f1cd7f4b9d7072c8924528486fe57c76dc20caed32ccc
cubicasa5k/labels/train/1007.txt,1007,train,1,Zoned Family Residence,1252.7,1109.4,2,6,ef90b0ffddc16823b0649adbe3600a898c59704824ef41050ce72005bb6df70d
cubicasa5k/labels/train/10070.txt,10070,train,0,Compact Studio,112.3,120.0,1,3,d698cc4c0088074bc3e308c2e42b65b4b3438e67dfa2854a3675be0494365744
cubicasa5k/labels/train/10072.txt,10072,train,3,Multi-Wing Villa,789.2,696.1,4,10,cb8a95a0c1db3bce7aa9c0221cd51f9b80e00ad001e897e7c06c6b18b388c91e
cubicasa5k/labels/train/10075.txt,10075,train,1,Zoned Family Residence,797.2,672.1,2,5,74927d07c3e11bcef63ae804542934a7cbc4d687ea7fab5b4a0ddd9c98aee49b
cubicasa5k/labels/train/10080.txt,10080,train,0,Compact Studio,535.4,451.0,1,4,c25937c36c3df2815420d8bd6fcbbb6bff0c6c550c9c7180b83c28add3cd3b8d
cubicasa5k/labels/train/10083.txt,10083,train,0,Compact Studio,871.2,763.4,1,3,ccd477716f57c2992282e8b3fd313d11d7778debe80934286738d6ab44147fd9
cubicasa5k/labels/train/10084.txt,10084,train,1,Zoned Family Residence,1412.2,1193.8,2,7,a3256a08e13d1ab5b26cb54e9baaaa740df90247057124802ad93970cedb2c7f
cubicasa5k/labels/train/10088.txt,10088,train,3,Multi-Wing Villa,3690.8,3293.0,5,29,1ad0eba5e60390ded253d0c7c2a7912a3b55e6147da392c59616cf0e9e84341e
cubicasa5k/labels/train/10089.txt,10089,train,1,Zoned Family Residence,1994.0,1815.1,3,9,2aeb6f56125e05ecd422e96c092d3c3559fe58c250a9afaa16f0d17bd69aa114
cubicasa5k/labels/train/10092.txt,10092,train,3,Multi-Wing Villa,5285.6,4740.7,5,22,d4c3608727d4202cc26e515a7d20b535fd07f52f02b3b67cdf7d28501ffb4227
cubicasa5k/labels/train/10095.txt,10095,train,1,Zoned Family Residence,1055.7,905.3,2,8,5f62fd8ad5430d91c12df436c7bf8de9d74692c5de37ef0e4fabe27182f4aea1
cubicasa5k/labels/train/10096.txt,10096,train,0,Compact Studio,531.7,441.9,1,4,ce071c6dd9ead554049aee987aa5d1c406416954f5ad2d33cf3b43aae0d9566a
cubicasa5k/labels/train/10097.txt,10097,train,3,Multi-Wing Villa,1864.3,1597.4,4,13,f72b66f6c294eab59a5b8fbc358080a99097c1fcc6b5edba1de35a37f1960ef9
cubicasa5k/labels/train/10102.txt,10102,train,3,Multi-Wing Villa,1557.7,1342.5,4,11,089e5f2a395ff58b014ff179393ba79ad3a7651a5f79b3ddaeba44c8bcfc7258
cubicasa5k/labels/train/10105.txt,10105,train,3,Multi-Wing Villa,1152.7,1014.6,4,10,88043af055bbb9eb278915e403e043eceabdca154757544eef91fe10adc863db
cubicasa5k/labels/train/10106.txt,10106,train,3,Multi-Wing Villa,4068.4,3732.6,5,16,1f904d4a3668caf39c8de9e3ce1c345c1771757977c3bd5800ce8184ba9b0d3d
cubicasa5k/labels/train/10108.txt,10108,train,3,Multi-Wing Villa,3861.0,3487.3,5,16,a65c9f8d96ca488d2fa34d71c9fe44c5ab73f7acc3511fdb01cfb753c67e884f
cubicasa5k/labels/train/10112.txt,10112,train,0,Compact Studio,642.0,539.2,1,5,a8263baebfa25e409fbe1433d2d1067ab3560608678f7a66e82c7748d770fd2c
cubicasa5k/labels/train/10113.txt,10113,train,0,Compact Studio,645.6,549.3,1,3,98a6b74aeee5ec960b08d682a0675e2e42e52f640e6a5e96b79435f8f98f60c1
cubicasa5k/labels/train/10114.txt,10114,train,3,Multi-Wing Villa,2839.9,2571.6,4,13,a16f872119f17b15d176c48cdaca580f35254eec29ca79ad7201bb44de0e5d3a
cubicasa5k/labels/train/10116.txt,10116,train,1,Zoned Family Residence,1132.2,986.2,2,8,79a0296324561ce304848e4d4e1c2f924551dfa4ce36ae6617a5774def7d28f9
cubicasa5k/labels/train/10118.txt,10118,train,3,Multi-Wing Villa,1745.0,1449.9,4,13,0280874acdd670b88be7514074ce8fddabe172743db1a915bf225ec3b30e7413
cubicasa5k/labels/train/10119.txt,10119,train,1,Zoned Family Residence,778.6,657.7,2,8,57cb70abcfe0dafe9e0a091328b0e5874de48bc5523bed3b42832c6776b03b44
cubicasa5k/labels/train/10122.txt,10122,train,1,Zoned Family Residence,836.4,708.4,2,8,16584ccca31d15a56c0099f4719421ce0f0a325d6a167d313d1a98515bcb0888
cubicasa5k/labels/train/10126.txt,10126,train,0,Compact Studio,555.8,493.2,1,6,b41a787c4df745781e86a518a8405a524a03021c659493978d3ac70b8b8a652c
cubicasa5k/labels/train/10127.txt,10127,train,0,Compact Studio,199.5,160.4,1,3,397d2ffac8f2b767c81298675103c198656b78700a0dfb5416d0634ddeca1061
cubicasa5k/labels/train/10128.txt,10128,train,1,Zoned Family Residence,2149.8,1885.0,2,8,bf6f06ec49aec2369be116bf3740504d9412b38d18ffd7e88b6f7a8da798bbaa
cubicasa5k/labels/train/10129.txt,10129,train,1,Zoned Family Residence,2134.8,1889.1,2,8,fa013646cfb5dab5bc44627aa0253e91ca7cf94680c5f7f74105f897f8ac68a0
cubicasa5k/labels/train/10130.txt,10130,train,1,Zoned Family Residence,1279.3,1102.8,3,9,bdb97aaf85d46da8151a8b469e0e2966c026cdffc9026e93a71208ab675dd81e
cubicasa5k/labels/train/10131.txt,10131,train,1,Zoned Family Residence,872.5,761.6,2,6,3c24269cd3a3c6f3eb54e15d7dee4d50c8cd4f9ea9a5ecb38f55c815d447e9a8
cubicasa5k/labels/train/10135.txt,10135,train,0,Compact Studio,669.8,581.0,1,3,b8b4fe4f47d6c264cfe6cdc14fdf5ea8deaa10366e98f56b3eb8c22ce3552f4d
cubicasa5k/labels/train/10136.txt,10136,train,3,Multi-Wing Villa,2742.4,2379.9,4,9,7b9adcb37e791478bf04cd541bcd113325490a8a931db85739e86db5f132e87e
cubicasa5k/labels/train/10139.txt,10139,train,1,Zoned Family Residence,1849.8,1587.8,2,7,46d126d2da74bd435d69af2c16e0225969ca7155b82074a8427661581a201ecb
cubicasa5k/labels/train/1014.txt,1014,train,3,Multi-Wing Villa,3300.0,2998.7,5,18,becb3ea50d782680257cf731942e7c71f3a012066c7bea2e38d967ae229facf1
cubicasa5k/labels/train/10140.txt,10140,train,3,Multi-Wing Villa,755.6,649.0,4,10,d1694bb44591f74797fbdfc3a9f65309f6114995db403c416c9271c932cde0ca
cubicasa5k/labels/train/10142.txt,10142,train,1,Zoned Family Residence,917.3,765.9,2,7,63597b68a4774306ed2c9cd019c738493a38ce503e479dda61f2fa4a73c539ad
cubicasa5k/labels/train/10146.txt,10146,train,1,Zoned Family Residence,842.5,724.1,2,8,8c1c96f05bf60c062c64c85eafcfca038722caa62d33c5c2120e3b7f06619b31
cubicasa5k/labels/train/10147.txt,10147,train,3,Multi-Wing Villa,1582.9,1286.7,4,12,47954c1740f7f278c88894365218946cd646fcce5ab79f9a497909470aa8c44f
cubicasa5k/labels/train/10149.txt,10149,train,1,Zoned Family Residence,1418.2,1249.1,3,9,5c01030319b30c2e63e84bcc6e1ffb2fffc42d495d4b6f50f9ad8bcd6c5c95c0
cubicasa5k/labels/train/10150.txt,10150,train,1,Zoned Family Residence,1154.0,1025.1,2,8,152d75ea2e6a1ee19d887a89520434fbc1977a4dd6bc2bc860da386ac46f5c2e
cubicasa5k/labels/train/10152.txt,10152,train,0,Compact Studio,754.2,701.9,1,3,3e3c4291df90869b6076523e6935b89ad1fa6a9333b5c83fc155b3ab37f48f96
cubicasa5k/labels/train/10153.txt,10153,train,1,Zoned Family Residence,761.5,652.5,2,5,26eb4096c0067d33bdfdff6e8082c24d3c9dfba5de3c644b70d2eab007a13c99
cubicasa5k/labels/train/10155.txt,10155,train,0,Compact Studio,1090.3,1041.0,1,3,4c960c45bf92c9804e43ea48affb01a3511a0a1eb0e2e7660db88260b93fc873
cubicasa5k/labels/train/10156.txt,10156,train,3,Multi-Wing Villa,1904.6,1684.7,4,10,c7105564920bca865df97f4f996d90db3ef8dd7392ad05f6753ca73fa4093319
cubicasa5k/labels/train/10158.txt,10158,train,0,Compact Studio,588.4,454.5,1,5,1691c40c8438fd643bae99a632076390965443e47146f2ff7e1e5996e3d7c3c8
cubicasa5k/labels/train/10159.txt,10159,train,0,Compact Studio,550.8,503.5,1,6,43654eaff6c8bb33b5dcbf12b4e967c47d5d234dd46bcbae89fad604502b7156
cubicasa5k/labels/train/10160.txt,10160,train,0,Compact Studio,539.5,492.4,1,6,b085a3acc0cd0aa048875e8345cbda1328dcb804fed004c346ff2e4cc55fded2
cubicasa5k/labels/train/10161.txt,10161,train,0,Compact Studio,557.9,503.8,1,6,2b3eb738309ab8d983a6c8703482d5f417442827ddbf48133d73df7eb42c14e5
cubicasa5k/labels/train/10162.txt,10162,train,1,Zoned Family Residence,917.7,829.4,2,7,952ea85338e2df403c59c5fe0a0817f114ac4aec3e39d0b0c60f71c8f8e8c569
cubicasa5k/labels/train/10163.txt,10163,train,1,Zoned Family Residence,1159.6,994.4,2,8,c74ef60385de66f209bb1734da7414e40ff84059bf936694ec74d2ba95d9e772
cubicasa5k/labels/train/10167.txt,10167,train,1,Zoned Family Residence,1183.2,1032.0,2,6,f7f875fac9a7eee0f8211e5097b5ced52b91b6591ed0090dbf44d1e33e2b4b67
cubicasa5k/labels/train/10170.txt,10170,train,1,Zoned Family Residence,1033.9,884.5,2,6,ca0ba06df115d9837093f4158718383df99acfb8e9d30cd5e03706e5329cf089
cubicasa5k/labels/train/10172.txt,10172,train,1,Zoned Family Residence,669.7,595.0,3,9,062dca85eddd3de9aaee69cad5938c89fe3f004caadc02d3756fce284b90bf4b
cubicasa5k/labels/train/10173.txt,10173,train,3,Multi-Wing Villa,2634.5,2185.0,5,18,cf4afc59430bc552239a15e4bc9ee20ca90a6b54754d24746f87ae45c2add22b
cubicasa5k/labels/train/10176.txt,10176,train,3,Multi-Wing Villa,3488.2,3119.3,5,25,113bcc27c182f40f9c0c220a0ebf551e515b165faa4f2625c38743236ebb1f96
cubicasa5k/labels/train/10179.txt,10179,train,0,Compact Studio,684.9,554.5,1,3,9ae79046082432f1d4b8f35dab453ed5f2ea5808a7eebb7cd0e519de3a639f45
cubicasa5k/labels/train/1018.txt,1018,train,0,Compact Studio,739.9,616.3,1,3,a57363e16fa80d81a280ac1556721123395b4d298b2b0110ae1fe946c13ea2ba
cubicasa5k/labels/train/10182.txt,10182,train,0,Compact Studio,581.1,509.9,1,4,b2298ecda065a353cffbb7628a1d8762e3e4ce0955cdef30aa29a70d5cac4cbf
cubicasa5k/labels/train/10186.txt,10186,train,0,Compact Studio,617.7,527.2,1,5,557e31273f83c0a1050e5b729ff9f0a2c11e33dfc7d9787d662768ffc70523eb
cubicasa5k/labels/train/10187.txt,10187,train,1,Zoned Family Residence,1072.8,927.1,2,8,d3f2225ce5611d559d6c3455b75acea1f54aedbf7daa92ff9dc9cbc1e7ec2f9a
cubicasa5k/labels/train/1019.txt,1019,train,3,Multi-Wing Villa,1930.5,1673.6,4,12,54311d1cfb71584a2bb8a043738a99dd50a2a7acbb4088e8e5b10a9e06d05439
cubicasa5k/labels/train/10190.txt,10190,train,1,Zoned Family Residence,1184.9,1036.6,2,8,f2f1292eda19b60ffbcf5d07dc1dc6e3cf53fb7f170ebccd549b28c393d152ca
cubicasa5k/labels/train/10191.txt,10191,train,3,Multi-Wing Villa,1366.1,1154.8,4,10,e0d2614cdc4d4a80c713ac372c4f6c41c54a1c5aee950a6e802d4d5a6c0f9851
cubicasa5k/labels/train/10196.txt,10196,train,0,Compact Studio,790.3,666.6,1,4,fedeb4c56beea45568785953f003bcf8820e5ef51a5c8036f9aaf661638e7d58
cubicasa5k/labels/train/10199.txt,10199,train,1,Zoned Family Residence,1765.7,1557.6,2,8,b8d666d0665c595c605daafeb3ef70e7c66e516d00c473c35cf59dbc2931bb45
cubicasa5k/labels/train/1020.txt,1020,train,0,Compact Studio,1510.0,1306.2,1,3,24dc3ddf4fc4b470df91f45ff1beb56bf6cc6b1be0db8042368b4993ffe3ee6c
cubicasa5k/labels/train/10200.txt,10200,train,3,Multi-Wing Villa,5868.3,4483.3,4,14,fe002bf32b63de5a80cdf55333b08e0331c4d26a8f53b349901bdcdfcc745e4c
cubicasa5k/labels/train/10203.txt,10203,train,1,Zoned Family Residence,727.8,643.8,2,8,68b2ff0ff730a6464fdf83a2b20374eb47ee1523e9e822b73cd95e8d125dcbe8
cubicasa5k/labels/train/10209.txt,10209,train,3,Multi-Wing Villa,2599.0,2307.5,4,12,4902673c34a5b3ca95a1a6afcd26270e62ce51befaa0d2989e1d2dd55854245a
cubicasa5k/labels/train/10210.txt,10210,train,1,Zoned Family Residence,1080.9,937.3,2,8,cdaeea962a681d749478f638bb97a5dec0a93f75819a11cba76502c836565a28
cubicasa5k/labels/train/10212.txt,10212,train,3,Multi-Wing Villa,3116.3,2772.8,4,14,0b735e0ca162d878af7c4321e5db64468ea7215c0e626b52fbff40a9921b363a
cubicasa5k/labels/train/10213.txt,10213,train,1,Zoned Family Residence,1441.1,1254.0,2,8,ba08604a036d67cee79751c7cab2f792d14b9b8951b17b0ae7c6dc8b918b65e8
cubicasa5k/labels/train/10217.txt,10217,train,1,Zoned Family Residence,902.9,752.5,2,5,6561e38047861a9f08cd808ba004518d03b73e11443db0abaa8f40bcb4ab3fea
cubicasa5k/labels/train/10218.txt,10218,train,1,Zoned Family Residence,1041.4,920.3,2,7,3aaf4027c4226e1d92ac2897d5ff7b895517705f3366c08fc0dfe406e39c0bd3
cubicasa5k/labels/train/10219.txt,10219,train,3,Multi-Wing Villa,2183.0,1917.7,4,14,fbbb79194049c93216b7b0c9803f9ed0f46ef5f0d8c5c81ca9080a2f048ad355
cubicasa5k/labels/train/10220.txt,10220,train,0,Compact Studio,481.6,407.4,1,3,ead40d39b3cdbec02d78e85c11ccc2e273837c9297bb3df750c2e7db428608ce
cubicasa5k/labels/train/10222.txt,10222,train,1,Zoned Family Residence,1522.6,1356.5,2,7,53657e73e945a2bb27f321cc76b0dcdcbe3079031a2ed5f8014baa234a43b9cd
cubicasa5k/labels/train/10224.txt,10224,train,1,Zoned Family Residence,714.5,605.4,2,5,21873b1a31be226b2f760727919f54739b23374226a60553f486216934e6e65d
cubicasa5k/labels/train/10225.txt,10225,train,1,Zoned Family Residence,862.3,743.4,2,7,20f2be98b360359c8e8326ff26bf6799f0358c4f8f1963f746bff0fcd7519706
cubicasa5k/labels/train/10228.txt,10228,train,3,Multi-Wing Villa,2843.4,2566.1,5,22,f087a98fab6879fed45f7670bf2c09bcaaf4673eb5853b0b88acadfb75d0f200
cubicasa5k/labels/train/10230.txt,10230,train,1,Zoned Family Residence,664.9,576.3,2,7,1967fc23704f6965312976344ecf148b034d0b6bf805a464f99e9db99838fb0a
cubicasa5k/labels/train/10231.txt,10231,train,1,Zoned Family Residence,1275.0,1111.7,2,6,8683764e4ed9cd6b271a83ada0f33a12fd14f16236f38d1d80c5875e84308702
cubicasa5k/labels/train/10236.txt,10236,train,3,Multi-Wing Villa,1506.3,1331.6,4,13,aac617f7f90023ed60543b443227967c61fed0c27bb1b5648b521213f2eda045
cubicasa5k/labels/train/10238.txt,10238,train,3,Multi-Wing Villa,3836.1,3498.3,5,17,ffd446aea910573fa74606dc11675b41c2772e3619be8b486cb41700289010d6
cubicasa5k/labels/train/10240.txt,10240,train,3,Multi-Wing Villa,3447.4,2473.8,4,8,a73d4fb234a388b5acfa1d83dee1cf4d58b9b1a890511af82eaff04c1ac08710
cubicasa5k/labels/train/10241.txt,10241,train,1,Zoned Family Residence,2157.3,1891.6,3,9,d77210443556f2daeb4cf825276b56a7b1e498ab9c9b64c5e42eb115a80b62d0
cubicasa5k/labels/train/10242.txt,10242,train,1,Zoned Family Residence,1064.9,913.3,2,8,6bd9c5c430bc56483a6295ab2c329bb35626c1482d21b7e427da4e369f9525e0
cubicasa5k/labels/train/10249.txt,10249,train,1,Zoned Family Residence,768.5,688.5,2,6,cc2cbdf41e8a579cf6f18ed78963162528bcf1c5b143895e614c74bfb7e11f41
cubicasa5k/labels/train/1025.txt,1025,train,3,Multi-Wing Villa,1823.3,1451.8,4,13,5628019d3f348171d005f90941c83914391c4f59774da801594082d82643c184
cubicasa5k/labels/train/10251.txt,10251,train,0,Compact Studio,464.3,400.9,1,4,31ead304c0c40aff034837ea9756fbd230d9dd19cbd130370244f65811010dbe
cubicasa5k/labels/train/10252.txt,10252,train,1,Zoned Family Residence,1288.9,1133.7,2,7,a53bc4bbba6a60f637aad01dff6940092dc3485c6797351bffed6634e4cfa1e8
cubicasa5k/labels/train/10254.txt,10254,train,1,Zoned Family Residence,1819.0,1588.9,2,7,fe3022f625847ef9c79cdffdaa98301ba5a4744a3459ced7618e3d343ad2b5d8
cubicasa5k/labels/train/10255.txt,10255,train,3,Multi-Wing Villa,2727.3,2453.0,4,12,be567bf91b99a63d4cf0508be67c64bf00ba1ce525255eee600ed13dda7236e7
cubicasa5k/labels/train/10260.txt,10260,train,1,Zoned Family Residence,1033.4,908.3,2,6,12a261e217a3980fd80cc8fe245837d066f25fd9e96d6c87388c591ede08dce9
cubicasa5k/labels/train/10262.txt,10262,train,0,Compact Studio,1780.8,1567.7,1,3,fbc0f176be5bfeb040007f6e06ff8cea6a453ffbb944c60ab761b27164433e47
cubicasa5k/labels/train/10263.txt,10263,train,3,Multi-Wing Villa,2734.1,2433.5,4,12,401f5fa6477d93b9a5bbcb8b156bcfde2eca6e2bd33c44c182ef9872972a564f
cubicasa5k/labels/train/10266.txt,10266,train,1,Zoned Family Residence,994.0,868.5,2,6,a999397e027bb1b5ccf1d4601ef876cb3e04f8ff332917e1a16b84012fadd452
cubicasa5k/labels/train/10267.txt,10267,train,3,Multi-Wing Villa,4378.0,3682.9,5,22,eea5b3283d180c09b784a57f1ba363d1d9eb4421a89c1bf962ca246b8e69eeab
cubicasa5k/labels/train/10271.txt,10271,train,0,Compact Studio,581.1,543.4,1,3,e32aaa7455c3e446f41f21d2d027ad8ce4ba7f3f8d2f0ba6a0c04dcb8e5f0afa
cubicasa5k/labels/train/10272.txt,10272,train,3,Multi-Wing Villa,3338.8,3011.8,5,17,04d288bd7b5563bbed2c41a5ca5c6a8a0d6d7fb368aadc4f037d69cb39ac7094
cubicasa5k/labels/train/10274.txt,10274,train,0,Compact Studio,2119.1,1802.5,1,4,08fb44d1c9e834575b706f19df4fe0ebb6fcb08b17f3e94da687b8e314baeb60
cubicasa5k/labels/train/10276.txt,10276,train,3,Multi-Wing Villa,2112.9,1852.9,4,13,823e8f22411dd838370a12ffc2eda02760ee9f413f50e7dde8957e6cb80c1e27
cubicasa5k/labels/train/10278.txt,10278,train,3,Multi-Wing Villa,3049.6,2670.7,4,14,a9a021db8fedd9ff7900490122614316d27d456e5e1e2a1fc49c2f575622a99e
cubicasa5k/labels/train/10280.txt,10280,train,0,Compact Studio,588.3,493.0,1,7,997abe52c655da8fa829d21778c66e80f5793ad8f0beea9c336cb2b0561302ca
cubicasa5k/labels/train/10282.txt,10282,train,0,Compact Studio,149.4,120.1,1,3,0a3d77226991a727734372156a76ce95b94075137639e53affb3284ec578e8cd
cubicasa5k/labels/train/10283.txt,10283,train,3,Multi-Wing Villa,2432.8,2141.1,4,14,d9c7fcf1ba866746b9121a0be6ea9e12c3f0d9efb0bf8130dd7ef7b6d61f5c09
cubicasa5k/labels/train/10285.txt,10285,train,3,Multi-Wing Villa,5855.6,5175.6,5,19,379b54db72a5757e8a3a9b25f69d76a11ee2cb5f046e57a38d8e9a3f8af2d5f8
cubicasa5k/labels/train/10288.txt,10288,train,3,Multi-Wing Villa,1899.1,1676.8,4,11,018d714dfbb2821615e32c23a4db7c177f53032977aa7e9be786d959d973aab1
cubicasa5k/labels/train/10289.txt,10289,train,3,Multi-Wing Villa,2280.1,1985.8,4,13,5bc72f53889a217dc79470433a15fb614626cac13c9e40b474eb178f4e39d74b
cubicasa5k/labels/train/1029.txt,1029,train,1,Zoned Family Residence,1217.4,1112.8,3,9,b67e4dc7807186708134a210af880935d12348a8de6db80e69ab6667ff04fa5d
cubicasa5k/labels/train/10290.txt,10290,train,3,Multi-Wing Villa,2462.5,1611.0,4,12,e1938a1bb81dcc5123c993746f146e5ddb7c54b445fa9f337c6e275459533d20
cubicasa5k/labels/train/10291.txt,10291,train,0,Compact Studio,556.1,479.8,1,6,6e3a753b0f77ed6ea01bef602b289ec86a1d65d8f1ae3da5da30cb8607062775
cubicasa5k/labels/train/10293.txt,10293,train,3,Multi-Wing Villa,1476.7,1308.4,4,10,9b7277a56ba57972865286ae0a337f5f27bdc89b4fb2f896b77232d067c81c21
cubicasa5k/labels/train/10297.txt,10297,train,3,Multi-Wing Villa,2287.0,2057.1,4,8,efcfa0be757ccc01a0be3211ba500405d6ebb8df3a80024418b47af31ee72d6c
cubicasa5k/labels/train/103.txt,103,train,0,Compact Studio,559.4,458.2,1,5,db3e035df401e9aacca672a344a6c6bc642d45bd9d52857677ba7ea42635e646
cubicasa5k/labels/train/1030.txt,1030,train,1,Zoned Family Residence,1570.5,1457.2,2,7,294d3a90ac8a8f126b7b802976174788865a1ac7f1e2c5b5cdfbb68ac8f1a1f2
cubicasa5k/labels/train/10302.txt,10302,train,3,Multi-Wing Villa,2256.5,2062.5,4,10,e947b0c4de1c668f816ff30b5ad2c97104c06dffcb73390e542b61834f0992da
cubicasa5k/labels/train/10303.txt,10303,train,0,Compact Studio,1078.7,957.2,1,4,235ddfb116cf95565728ec7d62f07e2c22e94e5b9f1ca619bf66f0141eda0fb4
cubicasa5k/labels/train/10304.txt,10304,train,3,Multi-Wing Villa,1436.5,1222.8,4,11,ab2cd100a7217733c75266bf67e5d2a77410029947e1d413a3eb4083ff38110f
cubicasa5k/labels/train/10306.txt,10306,train,0,Compact Studio,586.7,426.2,1,3,228dc6c01eb29656b61af68f48d5c5a2e4e7ba006217bb04dbce152eb7ad739d
cubicasa5k/labels/train/10311.txt,10311,train,0,Compact Studio,949.7,819.4,1,3,a6688ae312082031a37f767f058c8a7219a83f927cafbeb1892ec8fd46332b3a
cubicasa5k/labels/train/10312.txt,10312,train,1,Zoned Family Residence,1572.0,1324.2,2,6,2cf77af973b8d7c1629ea7986cb43b66e4d7978e53a9714fa4792938e1e336f5
cubicasa5k/labels/train/10315.txt,10315,train,1,Zoned Family Residence,947.3,833.4,2,5,022676507f9f949cb839288fa6296f08c9f20cfc7d9d22dd8bf218beee9ab246
cubicasa5k/labels/train/10323.txt,10323,train,3,Multi-Wing Villa,2177.9,1951.4,4,13,752d63faca8c950d7a1d93f1f77389f438bdd62bda9836cb848511e202d2650b
cubicasa5k/labels/train/10328.txt,10328,train,3,Multi-Wing Villa,1990.6,1746.6,4,10,df6f757b89fab1b46e59d909552fbd1b90abdb391b40833d6b8942387130356a
cubicasa5k/labels/train/10330.txt,10330,train,1,Zoned Family Residence,990.1,843.2,2,6,7bed301bbaa54cfc74d81c73ba0028895eebb245f5be817932398c94aab039c3
cubicasa5k/labels/train/10332.txt,10332,train,1,Zoned Family Residence,1646.7,1405.3,2,7,493227ccf819e633d566d5a0d44aa23b08d7b969bd812228a817c0a384254931
cubicasa5k/labels/train/10334.txt,10334,train,1,Zoned Family Residence,1867.3,1685.3,3,9,b3e9a64d43e8009e18d3af30047b2cdbc6a65e9947273c23756d646a1914a04f
cubicasa5k/labels/train/10340.txt,10340,train,3,Multi-Wing Villa,2203.0,1944.6,4,11,d4bf5023c859ce4eae4f324826983a6935393025cabf2b0851d06e2673c87a00
cubicasa5k/labels/train/10341.txt,10341,train,1,Zoned Family Residence,2121.3,1878.6,3,9,af3b9e038c9d7d03a8b894f975db65d0f7cb819d4f5f174ace6f3f24833dde9e
cubicasa5k/labels/train/10346.txt,10346,train,1,Zoned Family Residence,1656.1,1466.1,2,5,ef2d22fdad3157f6ea2b1476a10a2871e4103810d28cc670a20469599db743b0
cubicasa5k/labels/train/10348.txt,10348,train,0,Compact Studio,410.3,356.2,1,4,401e6d9318b7974d2eaf19166436c2b12eec73df38ca83af52ba6d301276f0ef
cubicasa5k/labels/train/10349.txt,10349,train,3,Multi-Wing Villa,2180.4,1945.0,4,13,216442ec9baeb2fde6597bc055175b1e3f669896c6dc2c44bbf729aeb6bc78b7
cubicasa5k/labels/train/1035.txt,1035,train,3,Multi-Wing Villa,2476.2,2215.5,4,14,1ff12f5176aee5b1c82859c471befa37889aaab19029e0090a3164f6e1ec854f
cubicasa5k/labels/train/10350.txt,10350,train,0,Compact Studio,595.8,499.9,1,5,c40c688ea8766049b2777a37dd6786f8208bba5089693b1226b78844fc24b4eb
cubicasa5k/labels/train/10351.txt,10351,train,1,Zoned Family Residence,2080.4,1863.4,2,7,c9e7063e113247bb195e4108152eee7d0b7537625a8dd4aa9a9e57d62d485bcc
cubicasa5k/labels/train/10352.txt,10352,train,0,Compact Studio,355.9,305.8,1,8,bfb16eddddb4f60bc4ff6260a03da9ea9d682b1036c6e62e83daad3667e4c4a0
cubicasa5k/labels/train/10353.txt,10353,train,0,Compact Studio,628.5,544.0,1,6,ebf7943b2b1ff3b8f6a9389776ccd5ca1ed5935cccc18081b71464e59eb67b5b
cubicasa5k/labels/train/10354.txt,10354,train,0,Compact Studio,359.2,311.8,1,3,ed0449402ac01f8094e2a63dd440f8e97ee991775e9f3b9e881169e44c2826d8
cubicasa5k/labels/train/10356.txt,10356,train,1,Zoned Family Residence,868.6,761.5,2,7,5f67e834b4efeb1955adc1062de210a515173aa7f589c216f24b21e2f3afbb32
cubicasa5k/labels/train/10359.txt,10359,train,0,Compact Studio,235.9,192.8,1,4,1a26a974145aea141d8580a26c91427cfd7d8b81a77ac3ad23bfe2d2c800c91a
cubicasa5k/labels/train/1036.txt,1036,train,3,Multi-Wing Villa,1003.0,856.7,4,10,579ab8710390ec3f70843cef598569ca424f5e6b02f94e3a11b286be32cc504f
cubicasa5k/labels/train/10360.txt,10360,train,1,Zoned Family Residence,1571.2,1394.2,3,9,cf03bfb7a7487c4df49f4a77b2a1be7271d95fe6c5947214e3dd2688aa65ed05
cubicasa5k/labels/train/10361.txt,10361,train,3,Multi-Wing Villa,2428.6,2194.0,4,11,743cba7a73cfa1fe1793ab09d8c63b263de8777da7cd714fa7cfd9ed0d43954f
cubicasa5k/labels/train/10362.txt,10362,train,1,Zoned Family Residence,1439.9,1177.3,2,6,9dd64c7bb1c9d835c3a47a0359e32cb059fe2105e1aa8c0a49873ce7ed176572
cubicasa5k/labels/train/10363.txt,10363,train,3,Multi-Wing Villa,1686.2,1435.2,4,11,fefc3558c273eb54903e24bf187c9386525497051377db401e0839aa41209947
cubicasa5k/labels/train/10365.txt,10365,train,3,Multi-Wing Villa,2293.4,1966.1,4,12,9d0698b242c19a06a12410e55e27ead374115ecf8f4eecf6720390ec7b253ea0
cubicasa5k/labels/train/10366.txt,10366,train,0,Compact Studio,332.6,258.2,1,3,885e35cc492cfedea8a8818f177be08b806900684d64b3f6a332f3a809e08d43
cubicasa5k/labels/train/10368.txt,10368,train,0,Compact Studio,728.0,625.7,1,3,8242620b6ef6bdc112badb194711213b9b8bd92c15f06a69bb3fe89e39f12b23
cubicasa5k/labels/train/10369.txt,10369,train,0,Compact Studio,625.9,504.6,1,7,3867725eb0f4db0e0df551840e24e25daf4054fb52153644fced466b60c84b29
cubicasa5k/labels/train/10370.txt,10370,train,1,Zoned Family Residence,1124.6,953.7,2,6,dfc95ea3aeb331108009c60563c62294d061151ff2fd6f64fa14a4d1cb1590f2
cubicasa5k/labels/train/10372.txt,10372,train,3,Multi-Wing Villa,2241.2,1969.7,5,20,d542b9301894e7bb78875af000ff0c375625c11bd515f664fb72f18bcd649fc1
cubicasa5k/labels/train/10378.txt,10378,train,2,Linear Spine,825.6,725.4,2,7,73aaea4ef5ebc94b43da135072ec25ba19c2d551188a8b55b65a9dd92279e4c5
cubicasa5k/labels/train/10380.txt,10380,train,3,Multi-Wing Villa,2381.0,2149.8,4,9,d1ac431daf20f24f4e5a4bcce674d2d01a57fc8a4e59dea45a33b352d9d12b23
cubicasa5k/labels/train/10381.txt,10381,train,1,Zoned Family Residence,716.7,642.6,2,5,95f5851382370c6eccf79714b020caf3daf72f32508ed5d304bbf61e1b3b7b29
cubicasa5k/labels/train/10385.txt,10385,train,3,Multi-Wing Villa,1789.4,1549.1,4,11,8076d491c084b253ad8ea6dda370f4185bb4cc7ec84c0b33a18092a53fb2a872
cubicasa5k/labels/train/10386.txt,10386,train,1,Zoned Family Residence,1643.0,1395.1,2,8,11df75e2eda31634cff4c4be71d96dab370e34ca4a2ea2a6514a807e41ca8af0
cubicasa5k/labels/train/10389.txt,10389,train,3,Multi-Wing Villa,1582.8,1447.4,4,12,ebd57a2744769ee44e140b44c61739b5f730893c380f7542da316d9314630781
cubicasa5k/labels/train/1039.txt,1039,train,1,Zoned Family Residence,664.7,524.9,2,7,fbb42dbeb06a7bca4228bd1a0cbc9e9c72755515a793112a0aa92abe4b8e6dd5
cubicasa5k/labels/train/10391.txt,10391,train,0,Compact Studio,2294.6,1908.8,1,4,c7f9e0672d099f84b1743ebd890c6d50917ff70b7c1ad53c0b11a2ce5fa65571
cubicasa5k/labels/train/10392.txt,10392,train,0,Compact Studio,1308.9,1177.7,1,4,d6b90231063d5e6ac78e3df4437937e2bde894e5510482e361ab58ed83eafe11
cubicasa5k/labels/train/10395.txt,10395,train,0,Compact Studio,763.7,614.1,1,3,adca0d7ace52148da4c2453d34190aed6687b28e216d344022a22b4b0c6fd0e3
cubicasa5k/labels/train/10397.txt,10397,train,1,Zoned Family Residence,954.4,845.6,2,8,c1ba3bd2bf66bff223730de96179c8d78ee54e483aeb10789237b224fc046251
cubicasa5k/labels/train/10401.txt,10401,train,3,Multi-Wing Villa,1432.7,1259.9,4,10,c83142795e7eb0b8e91545032ffb9743f3db33bd24d191eab915726ede54c0c2
cubicasa5k/labels/train/10403.txt,10403,train,1,Zoned Family Residence,1668.6,1434.3,2,6,aa6a715282a3330397c9cd87bdd3e2801b79c43beb72bb6931d372ce1f51cf5f
cubicasa5k/labels/train/10404.txt,10404,train,0,Compact Studio,501.2,422.7,1,4,ffa9b20b2ee7d0b1b74d37f91fc47bfbafd74c01db7b344004d9f38415c9a3e0
cubicasa5k/labels/train/10408.txt,10408,train,3,Multi-Wing Villa,1590.3,1403.5,4,11,bda3e16d274a7476a32b355904035ae8305641b2df7d8bd84efa5dd99549c5b2
cubicasa5k/labels/train/10409.txt,10409,train,3,Multi-Wing Villa,3141.4,2831.9,5,18,fd06894bfbc90dd019506cebda867fce65d77ef7f839716737bdb2192778f647
cubicasa5k/labels/train/10410.txt,10410,train,1,Zoned Family Residence,1330.2,968.8,2,7,b6b763e030b6371892b7c72400bb8dca5541853aca1fe10b66eccaed35386d35
cubicasa5k/labels/train/10411.txt,10411,train,1,Zoned Family Residence,1123.0,871.4,2,7,db7bad0373dd21c93fe8ece20bbbef6a08a82b7f9b6486b3da8f894c5162ea2b
cubicasa5k/labels/train/10413.txt,10413,train,3,Multi-Wing Villa,1779.5,1409.6,4,10,fbc7597f8b357164ef011dc613d8c52f94b8fc1083ba32bf5bdabbf3922a598f
cubicasa5k/labels/train/10414.txt,10414,train,0,Compact Studio,382.2,323.5,1,3,14341066f24a8fa574e9205c44bc8a0fa55ba952755cc22d8fcf4030e183da87
cubicasa5k/labels/train/10415.txt,10415,train,1,Zoned Family Residence,678.4,604.7,2,7,8ba8c095bfcec5785d520b09c77bc261788ea9978da39f03b05f18f902213405
cubicasa5k/labels/train/10419.txt,10419,train,1,Zoned Family Residence,1212.9,1054.7,2,8,9c9a974d55178910081cb3fc6ff9a063c5f3a1866c9c9113ecef68bf3dc76892
cubicasa5k/labels/train/1042.txt,1042,train,1,Zoned Family Residence,1334.6,1162.2,2,8,9ab1c14186fb0a8a2bcca1d147e487b5e62abbb6415359449ce52ac939c42af0
cubicasa5k/labels/train/10420.txt,10420,train,1,Zoned Family Residence,1626.2,1458.7,2,8,a4e47c0b33ad79a8cda40fa23c09f69336e8c6a64a909529a3d250dce0925047
cubicasa5k/labels/train/10421.txt,10421,train,1,Zoned Family Residence,1067.6,916.0,2,8,58244e5f2f2cd8735142f48a08d5277ef3241c4239457beb6506b947ba1237c7
cubicasa5k/labels/train/10422.txt,10422,train,1,Zoned Family Residence,669.2,576.5,2,5,21acc7a3ad4b3ffa6340ac8a240c4ac56501db4bf6c9a8bc4bcb7cd2bca645bf
cubicasa5k/labels/train/10423.txt,10423,train,1,Zoned Family Residence,1898.7,1684.7,2,6,6b45e0670828743f97381ab267166a4428787bcb893c2e854bd51ee141e8cace
cubicasa5k/labels/train/10424.txt,10424,train,0,Compact Studio,549.7,402.3,1,3,8cfb271957a2fd8041125b21161e66387f4e3493045c3c7806070a912aca7bef
cubicasa5k/labels/train/10427.txt,10427,train,1,Zoned Family Residence,899.4,818.5,2,8,b48279c7b425b5ca9773b635ebafcf9616de220039f9a9ce9e10d9f710819d2c
cubicasa5k/labels/train/10428.txt,10428,train,1,Zoned Family Residence,669.5,574.9,2,6,fe1f4e683dbfa4d2256d9c9c7a2b2ed21566ac31eacf57a75eb3fa3fb3af8ed3
cubicasa5k/labels/train/10429.txt,10429,train,1,Zoned Family Residence,1060.7,903.0,2,6,202eedd3ddcac9f22efef4da37685202f416d4a4a25bdc0b46bcfce6921e5ddf
cubicasa5k/labels/train/10432.txt,10432,train,0,Compact Studio,600.6,528.0,1,9,42b645ce01e2ba5d2282bd5f6ec8d010d81bdb20040d46a0c46f713d3dac8aa6
cubicasa5k/labels/train/10434.txt,10434,train,3,Multi-Wing Villa,2178.6,1896.7,5,15,acdb854a1dc0eaff852c3fec04c36201525340f5f814d3f7eca2a97e8a168bf9
cubicasa5k/labels/train/10435.txt,10435,train,1,Zoned Family Residence,983.3,858.3,2,7,e0a1664f922a2bf874a66b049e44d5d6dc2b826d49f233173e396425805ff90d
cubicasa5k/labels/train/10436.txt,10436,train,1,Zoned Family Residence,1951.0,1618.5,2,8,becb18b1c29e36ea595cd92eb4088925e5400ec7e2acdcc428636c485fcc49e4
cubicasa5k/labels/train/10438.txt,10438,train,1,Zoned Family Residence,1809.0,1583.7,2,8,0161e34a485d2f957ae06681df164f81a9d5f09634a0fc4e27263a3bfd97811a
cubicasa5k/labels/train/10440.txt,10440,train,0,Compact Studio,476.9,391.0,1,4,838436cbb3e7c14ebba07d0796383467b412378d4b17cbd82efd400970342f85
cubicasa5k/labels/train/10441.txt,10441,train,3,Multi-Wing Villa,2156.5,786.3,4,12,251a5c4968436335df9fcef867f847d804dd3a1a7c943ac5e6a720e529146828
cubicasa5k/labels/train/10443.txt,10443,train,2,Linear Spine,704.5,610.4,2,5,c18fdf5dfce0488b42dac0bf9bf2e3cf70a9fc736cc49df017273af69c7b69fb
cubicasa5k/labels/train/10457.txt,10457,train,1,Zoned Family Residence,805.3,655.9,2,7,5d011139c1eb9ab822cbd6daf1bf46a5ae4a603d07ff1af0a095eee407c4698f
cubicasa5k/labels/train/10458.txt,10458,train,3,Multi-Wing Villa,1960.9,1835.2,5,16,676018cf1c09041754f5ebafda5a85213a709f1f3cb5c54c698048eb03c28282
cubicasa5k/labels/train/1046.txt,1046,train,3,Multi-Wing Villa,4485.9,4011.8,5,20,628378bbebea07469f50e64c2c7bd751aff4b77831e4b3d5265691e5d305df58
cubicasa5k/labels/train/10465.txt,10465,train,3,Multi-Wing Villa,2611.1,2327.5,4,12,ff0c86bfa067e4e9eee4193b32541e5a7a198783d3033f4a9a962e2f3a12444a
cubicasa5k/labels/train/10468.txt,10468,train,3,Multi-Wing Villa,1457.0,1235.7,4,14,a0257811f997a5590082d53f3ea71751efc3b1f2348bedab3fa9a212d836a973
cubicasa5k/labels/train/10469.txt,10469,train,0,Compact Studio,199.3,146.7,1,4,391237b9c3e0c6acd740c9a11bf5b055db5706606d6cfe5828755f6407a89d5c
cubicasa5k/labels/train/1047.txt,1047,train,1,Zoned Family Residence,909.8,792.5,2,7,fc0d1382fd7543bdeed708bc8d0d53609b94136dccee5c8117f381efe18938cd
cubicasa5k/labels/train/10470.txt,10470,train,1,Zoned Family Residence,1184.2,1060.8,2,8,f98e8a34dfe6cf04ccc79738af3ce86bb10f6c7bee98e9a63c3207cc22d98804
cubicasa5k/labels/train/10479.txt,10479,train,1,Zoned Family Residence,867.5,748.5,2,7,f0d1f70e0e6217db2e78f5bb93f957a372800b860b6a829c8700ce76267f4202
cubicasa5k/labels/train/10481.txt,10481,train,3,Multi-Wing Villa,1371.9,1250.6,4,10,c64972fa950b522bd20519bc7e4ce680db61b966ede01f79d52b5dea8ccc865b
cubicasa5k/labels/train/10487.txt,10487,train,0,Compact Studio,435.8,336.8,1,3,7f923adde7b7b78bc90666825a8b737600203ae45663fbc7eeb125bad94b88d9
cubicasa5k/labels/train/10489.txt,10489,train,1,Zoned Family Residence,1301.2,1119.7,2,6,14aaafbaa95f776e1547dd000f89462cd40105b1bef9477dc53d95d5444bf747
cubicasa5k/labels/train/10490.txt,10490,train,3,Multi-Wing Villa,2704.1,2451.4,5,15,553af0bfc89fd7425587275ab0232b77c0bff8e21ae6f90296323a7f12cbb5be
cubicasa5k/labels/train/10491.txt,10491,train,3,Multi-Wing Villa,1718.8,1452.7,5,16,87a19a8481843037339750b5e1cd44d429fa0b569b0c2e607f77425baedb2831
cubicasa5k/labels/train/10497.txt,10497,train,0,Compact Studio,780.8,679.2,1,4,949874b3fef7393a27e1022d2fc3b541899778e8861020f1d8167a5c4617ee8c
cubicasa5k/labels/train/10498.txt,10498,train,3,Multi-Wing Villa,2299.6,2122.2,4,13,abd3567457f5b61b8c7698c0fa5cf390631e0585131d7ccb5e918ee2d33cdf40
cubicasa5k/labels/train/10499.txt,10499,train,3,Multi-Wing Villa,1371.0,1218.3,4,12,a333eb423620acd44a285e1bd7d7eed3cdbdaf76ced5b69f56d80999ec6c2275
cubicasa5k/labels/train/10500.txt,10500,train,3,Multi-Wing Villa,1763.5,1593.4,4,12,6548278d11a21a17de45464d6a40d5afb733e4f610c88d5cd8d7532ba8bae514
cubicasa5k/labels/train/10507.txt,10507,train,1,Zoned Family Residence,1099.6,946.1,2,8,ca1790915a31d75b1b70b9f17103467fb8cdf816180a1e1e0025e2fb96524836
cubicasa5k/labels/train/1051.txt,1051,train,3,Multi-Wing Villa,4157.2,3747.6,5,20,a94e99588723242a79399248030e6cefc37fa2c6654ccfe5b76399a2fc7cc956
cubicasa5k/labels/train/10510.txt,10510,train,0,Compact Studio,456.3,387.6,1,5,4c95f7f99ce80a316f5ecbf52b12a12460cf9407bf9f68a57340f9a131c9eec1
cubicasa5k/labels/train/10512.txt,10512,train,1,Zoned Family Residence,1018.1,818.1,2,7,6509a06fbfe7b1433a28bda6edbc5fd153949af2e2a14adfa52c39af32f0e701
cubicasa5k/labels/train/10515.txt,10515,train,3,Multi-Wing Villa,3359.8,3083.7,5,20,d00b33d1e9c6c65944b9bd6277f65fd36396ab12cd75d4c65306979bc9a7b9bf
cubicasa5k/labels/train/10516.txt,10516,train,1,Zoned Family Residence,715.5,622.2,2,7,5dfbc453a8579b1d99b59cb6528b9b621b6e293038c67fea05443433b6bb11f2
cubicasa5k/labels/train/10519.txt,10519,train,0,Compact Studio,1614.2,1250.7,1,3,f9231019008676245a8cdb453dc1560ee9799d8f03c0925a82f6e276d37a75a1
cubicasa5k/labels/train/1052.txt,1052,train,3,Multi-Wing Villa,2411.3,2069.3,5,16,ed1c073e459c2d158fe28adbccd9800c5f6ee722ee1fc55a4265dd1728b6bb09
cubicasa5k/labels/train/10525.txt,10525,train,1,Zoned Family Residence,888.1,750.2,2,7,5879319d16caec2292d02b11a49a1be9c8eb5b365d8b3f1133ba1fe49fde6e36
cubicasa5k/labels/train/10526.txt,10526,train,0,Compact Studio,579.1,471.2,1,3,1f48761e31d12269c0ef9872fb0fb32d46a3e75681d00cc6a7150870718e06f4
cubicasa5k/labels/train/10533.txt,10533,train,3,Multi-Wing Villa,3635.8,3210.6,4,14,6ba966cb0e29d9a241aed4137d47d71134764304f2cbebce1b46c80edf8f5d65
cubicasa5k/labels/train/10538.txt,10538,train,1,Zoned Family Residence,930.8,791.2,2,7,60c097cc5fec40add331751a5514e00afca9a12a734356012a5070479e54cbe8
cubicasa5k/labels/train/10539.txt,10539,train,0,Compact Studio,593.9,474.3,1,4,4a580ddee1ab8d31a637c01ff085e7b604e8888234fea639788560e9f51651f5
cubicasa5k/labels/train/10540.txt,10540,train,0,Compact Studio,668.1,531.8,1,4,71b556d6ffa31c08b08242d856a4ee1c047c374f30d1def2fb279e2305bcece0
cubicasa5k/labels/train/10541.txt,10541,train,1,Zoned Family Residence,2076.2,1877.7,2,5,ddf49a858e83198c86557614917113af6f0b5bab5016b2462abe9ec74debf06f
cubicasa5k/labels/train/10542.txt,10542,train,1,Zoned Family Residence,1857.5,1627.6,3,9,928fd32499b5d1d0486bdb1174547be37fee084a0e02db269364a52d2ef7714b
cubicasa5k/labels/train/10545.txt,10545,train,1,Zoned Family Residence,1158.8,989.4,2,8,24b95eb432922c996784dadf3a6a8fb5662b53bcf9b9a05101f96eaa34489bbf
cubicasa5k/labels/train/10547.txt,10547,train,0,Compact Studio,997.7,806.4,1,4,1801e88e9a75fe6a3d6d79efb76898079a587b57010f02d03a8bfffaf4e1f4aa
cubicasa5k/labels/train/10549.txt,10549,train,0,Compact Studio,248.5,185.0,1,3,c4f7ebc6c61e1f01ed77a7de12c62d4db8bc96665cbf70affd7fa9a09c66ce59
cubicasa5k/labels/train/10552.txt,10552,train,1,Zoned Family Residence,1671.9,1459.6,3,9,2a734c0db59e1d8f39ac3adf23c9c02dd465afd337302b13b1d1c24f322360aa
cubicasa5k/labels/train/10553.txt,10553,train,0,Compact Studio,546.8,467.1,1,4,f1fd88fc5165200e66d39c13867fa3b5f8caa1bcfb0f6147c6599193e0a3089e
cubicasa5k/labels/train/10557.txt,10557,train,3,Multi-Wing Villa,3413.8,3070.1,4,14,ee4bc76b2850fa1bc258a583344829009bf4f1af09a3b1d8d8924ff79b07be03
cubicasa5k/labels/train/10565.txt,10565,train,0,Compact Studio,406.6,348.7,1,4,9426de632a2b0824bfdb4d86d36ae1c4376ba5f173e982f24fe9c304080c3ad2
cubicasa5k/labels/train/10567.txt,10567,train,1,Zoned Family Residence,930.0,823.6,2,5,bfffc3b85276b7b04470c93b785a3781e154372f6acd7d282957384c5dacc38b
cubicasa5k/labels/train/10568.txt,10568,train,1,Zoned Family Residence,1221.4,1069.5,2,5,07ac506204b26c1a118f3afc5e3f06f3f6a7043c74701856c1c028cf0fe67f40
cubicasa5k/labels/train/10569.txt,10569,train,3,Multi-Wing Villa,1599.1,1408.7,4,14,907fa2ac6f750de66a9b57684c18f95d76179ca9b2f1898500429a5de10c045b
cubicasa5k/labels/train/10570.txt,10570,train,1,Zoned Family Residence,1657.4,1520.8,2,6,a4ee6746ec3318c0e3af62514f435bd49d873b93c2dd1169577caebcfb779d74
cubicasa5k/labels/train/10571.txt,10571,train,1,Zoned Family Residence,1054.1,819.3,2,7,ef577dd3b5be01913b60064c21da172c4ea9d6bf1e292b24ff1d4b37e025cef5
cubicasa5k/labels/train/10572.txt,10572,train,2,Linear Spine,755.0,629.0,2,5,4ba76679a02c61733626971e8096b8f436d3dde7a7acd5bbe961221a3c257928
cubicasa5k/labels/train/10575.txt,10575,train,3,Multi-Wing Villa,2757.2,2404.4,5,17,abe31be505afad2268a6f3a7dc3e1271790a852e18cddc99a29c71c46400ca82
cubicasa5k/labels/train/10576.txt,10576,train,1,Zoned Family Residence,658.2,513.8,2,7,b931d99a8a976e0e201be468284ae6c62226ae33bde556445159aabd693ad40b
cubicasa5k/labels/train/10578.txt,10578,train,3,Multi-Wing Villa,3143.9,2788.9,4,14,2c18c29d05bbfa179c61f32d102c05c31a03b53049e47e19f37df57f9b9bbe85
cubicasa5k/labels/train/10580.txt,10580,train,1,Zoned Family Residence,1001.9,887.7,2,5,463c6ea4c7f763849f6f2c5ad9a7d0598ea879803623f63cf31502a1ff651839
cubicasa5k/labels/train/10581.txt,10581,train,1,Zoned Family Residence,726.9,610.0,2,5,cf506a02279c67e08bca5b07ad1e87518403e6ac956826a45bd1c9123615a4e5
cubicasa5k/labels/train/10584.txt,10584,train,0,Compact Studio,327.4,268.1,1,4,55d32cdead130941c4a090267378ab6cc84e3523fa5e11263ff629f2c840c3d9
cubicasa5k/labels/train/10586.txt,10586,train,1,Zoned Family Residence,1801.7,1548.6,2,5,810f511476edee4191e3148f577296ff1f43ab38204d7adf03684fea1a5255b9
cubicasa5k/labels/train/10587.txt,10587,train,0,Compact Studio,1198.6,1026.7,1,4,50e884589094c715f282fca6ae597cdb5fba846c234063c3262a12d3df7ae170
cubicasa5k/labels/train/1059.txt,1059,train,3,Multi-Wing Villa,2526.3,2198.5,4,12,2dad0d2c9bfa901c5587fd00cddeca9ee31d930526e55389adcd075c7ac51c7b
cubicasa5k/labels/train/10599.txt,10599,train,3,Multi-Wing Villa,1784.0,1504.1,4,10,793c70c6bee5481cdc2713e964bc94e3f0d0206d912f1bc31fe9f74a11522c26
cubicasa5k/labels/train/10605.txt,10605,train,1,Zoned Family Residence,1212.5,1030.2,2,8,f4b4eab2b00db7ec0babe159afe50fca06874f434ae63c2ab035e0d24294a91a
cubicasa5k/labels/train/1061.txt,1061,train,3,Multi-Wing Villa,1852.7,1614.4,5,15,3dd1f7d0af45dfcc5ef8f3da6a36f11af1bcd8681c62411e5b8406d61ead47a0
cubicasa5k/labels/train/10611.txt,10611,train,3,Multi-Wing Villa,2765.3,2470.5,5,16,cbc7eaae4929f5de3f3e8f038284c75189432cbe893ade8b4597052fc35febe2
cubicasa5k/labels/train/10615.txt,10615,train,0,Compact Studio,1139.1,987.4,1,3,77e4a4bc174b4c66d661168342b8686b0a6e048f5d5c4a9d229747488dd0d715
cubicasa5k/labels/train/10616.txt,10616,train,3,Multi-Wing Villa,1865.1,1662.4,4,12,e7d7c27cd0dae171a3e863a43e50a2d1809baae2a602fcc6139aa62be6c81db3
cubicasa5k/labels/train/10618.txt,10618,train,1,Zoned Family Residence,1356.3,1199.8,2,8,619f72d8b111de8da72354547ecd2670cff8b060d276b777115d45834d9ff7aa
cubicasa5k/labels/train/10619.txt,10619,train,1,Zoned Family Residence,1738.1,1567.9,3,9,76794018ba766df9d94a94a80cff11a8539529003d7d199ff6276909ce5d4751
cubicasa5k/labels/train/10620.txt,10620,train,0,Compact Studio,491.4,449.8,1,5,969db22a8d6f155a9233239a19bb553ea43147332a6c4f35a36108bba8076898
cubicasa5k/labels/train/10624.txt,10624,train,0,Compact Studio,2396.8,1620.6,1,4,72b2230740606da39cfc281497575202bb2727c5e0f328c86eb85ee85cebf452
cubicasa5k/labels/train/10626.txt,10626,train,3,Multi-Wing Villa,2791.5,2535.5,4,12,602b5ace7e4cb7ec79e78e7686f14f86f724cad30ac5449d07a34212036cfd3c
cubicasa5k/labels/train/10628.txt,10628,train,3,Multi-Wing Villa,1228.6,1107.3,4,10,456070604ddfc125350b2eb52303b65e78e6d3db261c0f73f18c3b105f13eae8
cubicasa5k/labels/train/10635.txt,10635,train,1,Zoned Family Residence,1976.0,1732.8,2,5,c0c7a2a41859851c5fbe25457e5a2d8130851256e55778f8825df3d1191bf38f
cubicasa5k/labels/train/10636.txt,10636,train,2,Linear Spine,1434.3,1211.1,2,8,baff389fde58b3f682002c3523586a3683a0053ba88cfafafdb97edc6e403c6b
cubicasa5k/labels/train/10638.txt,10638,train,0,Compact Studio,649.0,459.0,1,4,e1921805854bccec70e782938db24cceabcecdb0ea9b96ce11362ca388d28ef4
cubicasa5k/labels/train/10640.txt,10640,train,1,Zoned Family Residence,692.4,585.9,2,8,5e600f9a235916325ffa150308e1bb5c598997859b26b6a317004b6d74e91c03
cubicasa5k/labels/train/10643.txt,10643,train,1,Zoned Family Residence,1026.7,914.2,2,8,5b8293d4c330a8001d1f0e6913c2ea31f21d55396fc4ef83321045569ef04a45
cubicasa5k/labels/train/10644.txt,10644,train,3,Multi-Wing Villa,1865.1,1640.5,4,11,d9ad41df155181e6a2d8148954d0b4fa79283899dc86fc3d26e1b88947109318
cubicasa5k/labels/train/10646.txt,10646,train,1,Zoned Family Residence,746.6,619.2,2,5,17e34760922e790010b8a001f5f0f41c842b1157692ea904ece5fac1adde00a5
cubicasa5k/labels/train/10647.txt,10647,train,3,Multi-Wing Villa,2321.2,2096.6,4,12,474c5fa1b8a1d81475b8802584ab6179e7630f45d2c9bfbe78a835bf5dd59c37
cubicasa5k/labels/train/10649.txt,10649,train,3,Multi-Wing Villa,2880.6,2557.5,4,11,57ab4eccd69ca23f76329c4db558f91951649b6032339885d3aadc364510e0f0
cubicasa5k/labels/train/10659.txt,10659,train,3,Multi-Wing Villa,3686.0,3237.5,5,22,3f4e78af2ee30c7db8e7798deec6eaad80b4e7ff61e0ba33168686b32a6886f8
cubicasa5k/labels/train/10662.txt,10662,train,0,Compact Studio,606.9,501.7,1,3,0fba99aeb854b05cf5eb2f0566eb7af5df5898bcef49edbee2c1f5cc8cab40e7
cubicasa5k/labels/train/10666.txt,10666,train,1,Zoned Family Residence,1724.5,1525.6,2,5,fd5437b32034e49db4ccf42ea8bb87154dd1698897b43710c6400bc6d09db727
cubicasa5k/labels/train/10668.txt,10668,train,1,Zoned Family Residence,1307.1,1103.3,2,8,d403b4587ef5f71f013c9aef16d98c319fdfa4c8be26a26f9c4f1074fd157538
cubicasa5k/labels/train/10669.txt,10669,train,0,Compact Studio,725.1,609.2,1,4,0ab5a9a6d226d0c50dcacc12b75bf0423f3f65c28f6a48cb55fa53f2ba0c3eb2
cubicasa5k/labels/train/1067.txt,1067,train,1,Zoned Family Residence,772.0,661.6,2,6,1bee2bd1a05f204d63eb8d7c2bee3f2876ae9b3ad949e1c6d5199de8235de1ec
cubicasa5k/labels/train/10670.txt,10670,train,1,Zoned Family Residence,1225.9,990.8,2,5,d53675a69485bdfeb306b888ee01cbbe26f727f79085a0cfc479d22d49af8dac
cubicasa5k/labels/train/10672.txt,10672,train,1,Zoned Family Residence,1250.1,1116.3,2,7,7d90b0c9ff536e1bb30c7a46acb2f79581a7b01293bc6d3b4ad04eb90e1f71ca
cubicasa5k/labels/train/10674.txt,10674,train,3,Multi-Wing Villa,3566.1,3231.7,4,12,06eafab5675ffe7ecefea4887684e990f7182a492cd3c03918d8f6bbdf4c9d2d
cubicasa5k/labels/train/10676.txt,10676,train,3,Multi-Wing Villa,2969.9,1369.8,4,8,6b324c45e971291a23d5c593b6e0a197df19d10a3be7ac48fdda0f6ed218fb39
cubicasa5k/labels/train/10678.txt,10678,train,0,Compact Studio,515.8,446.0,1,7,cf66d15e81cdd0ec7e5e8268c5a63a802b7ae230e212abc16e200a19f5dd3408
cubicasa5k/labels/train/10685.txt,10685,train,0,Compact Studio,605.9,504.4,1,3,a89ea2df8b392ea8194fb609a7fff2afa02c15b008c0e46d7681f42799a8f418
cubicasa5k/labels/train/10689.txt,10689,train,3,Multi-Wing Villa,3392.4,2919.9,4,14,1933d57bdd25a6122075df0ce97e24644dd998389cae84f87e6daeacde052579
cubicasa5k/labels/train/10690.txt,10690,train,0,Compact Studio,629.1,539.8,1,6,eacd9bedb80bea3d412c5b3ca37b3a83414cb3eca8ad3a1542b4a10c7022a2f3
cubicasa5k/labels/train/10692.txt,10692,train,1,Zoned Family Residence,950.9,816.3,2,6,4f388ef68ded717806065dfa28de564b396319fa28ec9a1430ff9acc7a1541c0
cubicasa5k/labels/train/10695.txt,10695,train,3,Multi-Wing Villa,2947.0,2661.7,5,15,3d3a046c4e075817a05381f0d8cd17863a8d8f92e5fb7760098a63a2d0f014e8
cubicasa5k/labels/train/10697.txt,10697,train,3,Multi-Wing Villa,844.5,709.0,4,10,4a8cd82fc667507c4d442ce4dcc6d7bd07569780a9e06567dd188db68cd88a44
cubicasa5k/labels/train/10699.txt,10699,train,3,Multi-Wing Villa,1676.6,1497.2,4,13,a05d3d7b9a992d50705bcd2ca5a212aa67e6e5e28309a008486a828c49314a62
cubicasa5k/labels/train/107.txt,107,train,1,Zoned Family Residence,1777.3,1597.9,3,9,f92ef7a2b546a45fac02a147e31650a5ecfa35828ca7197599f5668c923f935a
cubicasa5k/labels/train/1070.txt,1070,train,3,Multi-Wing Villa,2134.8,1895.4,4,10,ce4bd9ea1a91e5ac64f7c3ab3a878b50bbb244eaaa6c745e02e851bdc2c69c32
cubicasa5k/labels/train/10700.txt,10700,train,0,Compact Studio,955.5,723.3,1,3,d0d4318cb8d96f12d41aae44830d89274bd85a32a027462347062af78a1689b2
cubicasa5k/labels/train/10702.txt,10702,train,3,Multi-Wing Villa,3153.7,2545.8,5,16,9a4e3324b459baee713a4074331011c8ea6e2d98b4a4544fbac01e623ec7bf02
cubicasa5k/labels/train/10705.txt,10705,train,3,Multi-Wing Villa,1693.5,1499.8,4,10,792baf92bebb97f12dabc535eddce9da5f4862976d319c3c54141a8f2aafcb90
cubicasa5k/labels/train/10706.txt,10706,train,3,Multi-Wing Villa,2597.6,2228.0,5,16,c65c21a3ae6052d5c18d31fdb4df79f10e02b6b32c850f71d5d06cf3e3ef0c9f
cubicasa5k/labels/train/10709.txt,10709,train,3,Multi-Wing Villa,3290.4,3005.2,5,24,999f4f6eba69a5e4ebc4396d6f683623ecfce9287165ecceab89109767790263
cubicasa5k/labels/train/1071.txt,1071,train,3,Multi-Wing Villa,1881.1,1639.1,4,12,98c36632d77cc8a9b338a15798ca0b2dcbfd6b5dbcb9ad1d5c441359b909a408
cubicasa5k/labels/train/10711.txt,10711,train,0,Compact Studio,613.6,505.4,1,6,f7ff1f1ed137955e0c51dbe2a93320810e5eee2ad967d5066ed31f94f0d1afe0
cubicasa5k/labels/train/10714.txt,10714,train,3,Multi-Wing Villa,1938.1,1681.9,4,12,dc4572898a6978187e598a626e409234c4d858ffc2a5d26b5d0ef8e0a3d72595
cubicasa5k/labels/train/10715.txt,10715,train,1,Zoned Family Residence,1099.8,968.7,2,7,d9ae9ee965fc2bc63ced5fd949493af35da49ae2da20cf09172b434e77b1752e
cubicasa5k/labels/train/10717.txt,10717,train,1,Zoned Family Residence,1611.1,1352.8,2,7,57d0774b067bf6e003a88660edf888fc175fcd2e90df4818e0cfdcbe380377b2
cubicasa5k/labels/train/10719.txt,10719,train,1,Zoned Family Residence,1223.0,1058.4,3,9,4eb0a468c727437b649cb45389268ac3b20011e7e80898cf3cb8737281923196
cubicasa5k/labels/train/1072.txt,1072,train,1,Zoned Family Residence,1336.6,1160.0,2,6,66398cc7a8303b6f32a5cbb8d397c32930449d5546d4a77b8ce873c1c05001c7
cubicasa5k/labels/train/10722.txt,10722,train,3,Multi-Wing Villa,3649.2,2914.9,5,15,032f01b1b0e7b1512523ce45fe74623187b4ad3303b16800443a32e1f0474c26
cubicasa5k/labels/train/10726.txt,10726,train,3,Multi-Wing Villa,3522.1,3238.8,4,10,a46a4e7b9c6e865f130125f6e23f340c5ce9e7b438d7ec8c157b7a03f0510175
cubicasa5k/labels/train/10727.txt,10727,train,1,Zoned Family Residence,655.5,561.2,2,5,4c6bd2c6df09fe519b395740aa0b6d0cc35e55573b86b8fe9bc8f8aeb89611e6
cubicasa5k/labels/train/10730.txt,10730,train,1,Zoned Family Residence,801.2,665.4,3,9,8cda2387622c2480dd10d3609bd16fc087742e8c57710c39156f5e2d104c6cbd
cubicasa5k/labels/train/10732.txt,10732,train,3,Multi-Wing Villa,3379.7,3031.1,5,15,6b81bbfd98084d4d3e6cd51d6c429569e10210ca747839cce164a8dd56c09415
cubicasa5k/labels/train/10733.txt,10733,train,1,Zoned Family Residence,757.8,666.8,2,7,489848563a69c3164937ff504f9dd1499a8077af647a0c3a2b41ee6546c54760
cubicasa5k/labels/train/10735.txt,10735,train,0,Compact Studio,583.1,498.0,1,7,9bd40d5d43569ee706bab6619f662e02aad4a3a5335d285370e96438e7255925
cubicasa5k/labels/train/10736.txt,10736,train,0,Compact Studio,503.4,411.1,1,4,d69482ca0d64cadecbe2d6707f3e2482e1d250962c2cee6ea2736f51ed6b2962
cubicasa5k/labels/train/10737.txt,10737,train,0,Compact Studio,572.3,450.9,1,5,37d366c1d38c6fe4c6df42d929dad98c214c99088fc1242ed073c150e222c6e9
cubicasa5k/labels/train/10738.txt,10738,train,0,Compact Studio,460.3,356.6,1,3,94bea97fdfd8a5873be7d2d18be464f1c3e25e845cbdc2fa123bb6ba1ac0cd6a
cubicasa5k/labels/train/10739.txt,10739,train,0,Compact Studio,328.5,259.1,1,3,7058c8b7ffe0235af9342ff8fcf54240ecf347c1a219677f027c2f97364b6ba9
cubicasa5k/labels/train/10740.txt,10740,train,0,Compact Studio,289.4,227.1,1,3,0a1bd1dd833756e8f85c603bab420e2510cd4486eb20466996e85d6088ebb9e7
cubicasa5k/labels/train/10741.txt,10741,train,0,Compact Studio,317.5,244.4,1,3,dc525472ad8cd1809efcea387db6ebbc76b60e0b79e743c61055c70804822d83
cubicasa5k/labels/train/10745.txt,10745,train,1,Zoned Family Residence,2139.4,1832.5,3,9,c1c423b7e3cf7253e45ca8db7d31a26e405e702fdd7ce3fc1a1022e6ed6a953d
cubicasa5k/labels/train/10746.txt,10746,train,0,Compact Studio,453.0,361.5,1,5,2d8843262dfb5f837cb0c8eb97cb9795d2b44fd951e62aa8befdbc7317344075
cubicasa5k/labels/val/10.txt,10,val,3,Multi-Wing Villa,4857.9,4399.7,5,18,a0bf712bbd636c64ae72fd8ecb8e613fbfb705ff8262407bc5349fcff1f32c35
cubicasa5k/labels/val/10026.txt,10026,val,1,Zoned Family Residence,1204.1,1082.4,2,7,61bb6f0ff94749e69f03bcaf25caa4d1980ad6393a1c8bef923ad171f0e18940
cubicasa5k/labels/val/1012.txt,1012,val,1,Zoned Family Residence,1834.6,1609.9,3,9,681fe41938339eb34374175fd554e8e3b958256a921b1badc143bf4a219a3b94
cubicasa5k/labels/val/10132.txt,10132,val,3,Multi-Wing Villa,4249.4,3800.1,4,13,10cc79a2c32070842e6c54700019a65ba8e05d3df04bc5104664fb0c3f869229
cubicasa5k/labels/val/10143.txt,10143,val,3,Multi-Wing Villa,1316.5,1139.5,5,15,570afcdaa73530134fa72459b2f90b8dda845f14d736642c732d5b9e90e36d60
cubicasa5k/labels/val/10211.txt,10211,val,3,Multi-Wing Villa,2389.6,2122.0,4,11,8750a4f59928bbeb27b425e88c45691606134b2dbf052298c209e74a45f5c217
cubicasa5k/labels/val/10221.txt,10221,val,3,Multi-Wing Villa,4124.9,2865.3,4,14,fdc08ee561ac8c12af8a2a76f98e2410f18b4815e9456eb456ef224f3219cfa2
cubicasa5k/labels/val/10275.txt,10275,val,0,Compact Studio,611.4,535.2,1,6,c8a9ac5f2be537e93f11582711cd8317ea7ea7a2f31ef20a066f85e913cc0c86
cubicasa5k/labels/val/10295.txt,10295,val,3,Multi-Wing Villa,6680.3,5736.6,4,13,647beb89c24e60932b32f7ba09f88b5d372ff1b7927809e154bd964b35693da4
cubicasa5k/labels/val/10298.txt,10298,val,0,Compact Studio,233.3,197.4,1,6,d2f6c5dad47104414370c56d0d43153222d837e541bd284e2253bffe6a2d6a51
cubicasa5k/labels/val/10319.txt,10319,val,1,Zoned Family Residence,1341.8,1140.1,2,7,e57063ce64f4b1b0d3bc8e0ea3349d42e2ff4e50ecc76b4df467c9ce23b333ef
cubicasa5k/labels/val/1041.txt,1041,val,0,Compact Studio,506.5,427.5,1,4,43b6206b4d17a6555bdc94ebef3074f457a86218c36fe76d322e60248a1189c5
cubicasa5k/labels/val/10495.txt,10495,val,2,Linear Spine,853.9,748.4,2,7,93671a41687cdeac2cb1c5774f912264f096d965ec67ca6aba8e6d6a4f86cb7d
cubicasa5k/labels/val/10514.txt,10514,val,3,Multi-Wing Villa,2116.3,1734.9,4,13,1834071fc370b8eae1a5a9b1df0fdc56c5f9c1b7de6904028b3926fca237556d
cubicasa5k/labels/val/10543.txt,10543,val,3,Multi-Wing Villa,1213.4,1079.1,4,11,48065eb6e86cb4081106bd5ad6a7cf652a5af585b522b2ee8423fb3a9ad2366d
cubicasa5k/labels/val/10546.txt,10546,val,0,Compact Studio,474.9,401.5,1,6,77b393d2f6735306a85523eb048c97de710eb910485c68d82d5c87f86cf208dd
cubicasa5k/labels/val/10548.txt,10548,val,0,Compact Studio,440.8,354.1,1,5,1b772e6d5867392db4dbe33928c1f7f0a14c9a3721df22f40007527bbfb328d1
cubicasa5k/labels/val/10550.txt,10550,val,3,Multi-Wing Villa,3027.7,2553.4,4,9,4a80828daaa424809345ca18a9827fd76ebfde88117a7259bab0f7db6104a37c
cubicasa5k/labels/val/10579.txt,10579,val,0,Compact Studio,789.6,657.6,1,4,c8a9bd7919c18fcb24d2e3885126e7e4b12249504793f5dce8428a49662cb8d4
cubicasa5k/labels/val/10632.txt,10632,val,1,Zoned Family Residence,1911.1,1687.2,2,5,af3e658cac1ba8433f2062d524367fbe018e1102b5b15de5c176ee37f4ef8873
cubicasa5k/labels/val/10634.txt,10634,val,3,Multi-Wing Villa,2178.3,1917.9,4,10,9155ca5e68e1efd3fb080766cd5cbb0ac5a99b85b7d027641b2970dc62493cac
cubicasa5k/labels/val/10639.txt,10639,val,0,Compact Studio,655.9,492.6,1,4,6c56553ea948476d819fbee4ee9b14542925d9ee7c31ae61d4cc6bb92bc69921
cubicasa5k/labels/val/10650.txt,10650,val,3,Multi-Wing Villa,940.0,809.9,4,10,66e96fe7928b8594ea64677f8df13522de2313274dc858909e0bb25474d40509
cubicasa5k/labels/val/1066.txt,1066,val,1,Zoned Family Residence,1918.6,1719.2,3,9,ad6e23d39114a2a7c1e9b7f13c6d070ba12c90bf6ebdcaa1bc6fb55278ca08fb
cubicasa5k/labels/val/10731.txt,10731,val,3,Multi-Wing Villa,3409.7,2969.5,5,20,19bcbc7c63df40655642c2f6383c8a597c140529789125002c401d49c13b57d2
cubicasa5k/labels/val/10742.txt,10742,val,3,Multi-Wing Villa,3131.5,2788.8,4,10,65c851cd91f6ce7d6cd7ae2ec6d45ea0c2bfa3c4984685f1722982786c2404ff
cubicasa5k/labels/val/11014.txt,11014,val,0,Compact Studio,205.3,171.9,1,5,27f96337a4287b958307c825f4fac9956b8d3ce5911f6cc732bcbbd390b28d2d
cubicasa5k/labels/val/11142.txt,11142,val,1,Zoned Family Residence,1154.9,992.9,2,6,e6353c41381d6c34f14f15eb6c75c330353bed722f11abb107a8a40b94f6bb97
cubicasa5k/labels/val/1115.txt,1115,val,1,Zoned Family Residence,1030.3,868.8,2,7,f5793069fd8af90b4f5f678307263b388babbb3164a8e84380a915bead4e43d3
cubicasa5k/labels/val/11159.txt,11159,val,3,Multi-Wing Villa,2742.0,2262.2,5,18,b71543091e1ac0dfe4656b0a4374d45a496437baaba9b153ffa0bdbcb474af17
cubicasa5k/labels/val/11220.txt,11220,val,3,Multi-Wing Villa,1627.1,1469.3,4,11,2aa7aed5d8c57345334ab6330a25078aa64e3c80fbb79b524ae434cc1f41645c
cubicasa5k/labels/val/11311.txt,11311,val,3,Multi-Wing Villa,1703.8,1483.0,4,11,bb3ffb2de1ed5d6da98f9621eb9ddeb1fd747c28040c2f0049e5d469ba75660c
cubicasa5k/labels/val/11401.txt,11401,val,3,Multi-Wing Villa,1067.4,928.8,4,10,57129817eec8092099e6106ddb28a216832b6c5d348b0dcdd6c7b6e0ab975d2c
cubicasa5k/labels/val/11404.txt,11404,val,3,Multi-Wing Villa,1874.3,1692.6,4,10,b4e35de51e1e3ab5be36626a38877f5ffa791ed1b00e8b9dabada2a29bb4f80a
cubicasa5k/labels/val/1144.txt,1144,val,0,Compact Studio,184.7,154.5,1,3,e4668e3848ab205bfb1712649efa58ca705bc706622439c899b90d422d0ba6c5
cubicasa5k/labels/val/11453.txt,11453,val,3,Multi-Wing Villa,3880.5,3460.2,4,14,32dfab251447a12d36c633950344bb75627108a1e3b96b0dc906f6e812d72364
cubicasa5k/labels/val/11494.txt,11494,val,1,Zoned Family Residence,1112.4,963.7,2,8,5b7a1ab948a91ddab232a10382d437fea8aa3eed382987478fe2054c4282792c
cubicasa5k/labels/val/11567.txt,11567,val,3,Multi-Wing Villa,1173.7,987.2,4,10,d5b5f2c794fc2f3b38aae33618d548b8fe33e2f8a7d00d6ceaf2f5f283cae8cb
cubicasa5k/labels/val/11624.txt,11624,val,1,Zoned Family Residence,1743.5,1548.9,3,9,308c8cbea666a82b80c03328655cfdf542ab915ceaf8eaa814a55079d2684197
cubicasa5k/labels/val/11691.txt,11691,val,0,Compact Studio,495.2,385.9,1,3,109809d41442e774b7ec45ec6cb1758ef1f248872661337352863e4a8dc87462
cubicasa5k/labels/val/11693.txt,11693,val,0,Compact Studio,606.5,538.3,1,6,f09de7c59b2a2a81634677f651b538c5091fa40c3c86c1066b276fb0c1fed4c6
cubicasa5k/labels/val/11714.txt,11714,val,0,Compact Studio,983.0,846.3,1,3,1a272916cd048f695815a0debbb9ff777d2918254644e5f245f6f4d3c3855907
cubicasa5k/labels/val/11727.txt,11727,val,1,Zoned Family Residence,835.2,719.5,2,7,1618192f7d586a978aa57061a20453a0faf0747b1eb60b0394273ba10335981b
cubicasa5k/labels/val/11816.txt,11816,val,1,Zoned Family Residence,756.5,674.5,2,6,353d76e7964cf746b72c0b1a3a4ae5bb11106cffdaaeeec9aee5627bc55b4756
cubicasa5k/labels/val/11818.txt,11818,val,3,Multi-Wing Villa,1662.1,1419.2,5,17,b5b7997c37909a37fa65646e0589fab992f8f18b6f965e9a805ac57724ff4431
cubicasa5k/labels/val/11832.txt,11832,val,3,Multi-Wing Villa,3642.4,3293.3,4,12,10ca86cb2c198a25c3cb639fb82daa99e371058bfa7b10a961465488943abe25
cubicasa5k/labels/val/11877.txt,11877,val,1,Zoned Family Residence,1737.6,1594.2,2,8,2e4059795696dd6fbbf6ff9722d85156f8960ebe6ff72b9ca7831e7b2cecc67e
cubicasa5k/labels/val/12003.txt,12003,val,3,Multi-Wing Villa,2503.0,2267.8,4,10,a85d2a953f48a1bacb41587d68bede59d31df986f27c9828caae4aa46b9e5b54
cubicasa5k/labels/val/12007.txt,12007,val,0,Compact Studio,145.2,120.0,1,3,4982c5dbb9e0b1ac242fea5dbd13674665a773a1a971cd7b2331adefa4a584cd
cubicasa5k/labels/val/12020.txt,12020,val,1,Zoned Family Residence,1122.8,978.1,2,7,d01f6268c128eacd854d632ce94e59d78e74a3520309b3d2875d05d03934193d
cubicasa5k/labels/val/12063.txt,12063,val,3,Multi-Wing Villa,2314.3,2144.8,5,25,359a103e685ed1e7b686a09a9fe7849b46198394af78cab6a46835f7fbdbf3c0
cubicasa5k/labels/val/1216.txt,1216,val,3,Multi-Wing Villa,3580.2,3286.4,4,13,a84b05238de6dcac7979569dc1cc8928d32f53a277e2871b8e6129f3147fb894
cubicasa5k/labels/val/12210.txt,12210,val,1,Zoned Family Residence,1274.9,1097.6,2,7,10db8a6fc49ff18eaa9c74bce60b7f7b77b55b0fa1920a2e55535d37b399861d
cubicasa5k/labels/val/12239.txt,12239,val,3,Multi-Wing Villa,3880.4,3499.8,4,8,03f6775937744822a27c4477e3dc07567858b06014bfc44cf5dc3ac0b1eb5c74
cubicasa5k/labels/val/12288.txt,12288,val,1,Zoned Family Residence,1440.5,1220.2,2,7,815c9501d0165291f9939d3e4c9a664d01080f10b75f00204d170be72b503f22
cubicasa5k/labels/val/12294.txt,12294,val,3,Multi-Wing Villa,1121.0,952.0,4,12,7a918b2528f29a36421f4824712f675f70f63ce1c35f21b25b42ff6698f248d7
cubicasa5k/labels/val/12501.txt,12501,val,0,Compact Studio,512.4,448.8,1,8,9e77d9e33fa3996b15d7a7a8ef17c69e430998b2d0b98af3f778205d7852e91a
cubicasa5k/labels/val/12541.txt,12541,val,1,Zoned Family Residence,699.2,600.5,2,5,5b64157fb132d290ef0aa4b67e8e7a8b4031be74de903b5583015e9840cc91f2
cubicasa5k/labels/val/12665.txt,12665,val,3,Multi-Wing Villa,1001.5,858.8,4,10,893ef173fd54b142bc2d0ae351808591034e997a98415d4873d92e20375a62c1
cubicasa5k/labels/val/12676.txt,12676,val,0,Compact Studio,675.9,536.4,1,4,0c727a46be22ed14196b054c0e91cf7b4f368148993a751a49c8ca58352afc74
cubicasa5k/labels/val/12687.txt,12687,val,1,Zoned Family Residence,878.0,776.6,2,7,bcd74c9a65f84718a64dd489fb2137741fab5cdca63b270db97a8b3fe553bb98
cubicasa5k/labels/val/12708.txt,12708,val,2,Linear Spine,1221.5,1062.4,2,6,758a6f826f14a5f243559cf5fd3492df4287677d9f2f2d1055bdaeb47cd752d6
cubicasa5k/labels/val/12710.txt,12710,val,0,Compact Studio,649.1,547.3,1,4,f97df63fd7097ce1fdeca4545b4cdb1bef3ef95f70efaf316200fedaf382074f
cubicasa5k/labels/val/12711.txt,12711,val,1,Zoned Family Residence,1076.5,962.3,2,5,1c59c60fa208034189bc3911b3d4f5df991ec9a9821140fbb74b8a583b15331c
cubicasa5k/labels/val/12786.txt,12786,val,1,Zoned Family Residence,946.2,788.9,2,6,947e6b5edf826cb80d6126cf1d97cbeeee3a3cce8613b2458f0f82cda45a5436
cubicasa5k/labels/val/1280.txt,1280,val,3,Multi-Wing Villa,1795.2,1626.6,4,13,cb04583481406ffbcd693db17dcb2581d2b688a932bcf0299768ca97f322b84b
cubicasa5k/labels/val/12803.txt,12803,val,3,Multi-Wing Villa,2574.4,2238.9,4,8,4c1377bb9420209e250fce8f38695920ee3c3329a1408ed1fd395a229a7f2fbd
cubicasa5k/labels/val/12886.txt,12886,val,1,Zoned Family Residence,886.2,731.9,2,5,3da87f4342c7ce0614e6e27456a8a3290d851faf2c1fa01945de5a678872a317
cubicasa5k/labels/val/12951.txt,12951,val,3,Multi-Wing Villa,3418.2,3093.6,4,12,0d05c0be270bd271c99a99c00491528e84143f572865fb111703e1caeb202686
cubicasa5k/labels/val/12956.txt,12956,val,1,Zoned Family Residence,720.8,586.2,2,6,6de5f5a9253941cb38f1e1a4457215aa2c320f9941063a365d9a798ad763137a
cubicasa5k/labels/val/13013.txt,13013,val,3,Multi-Wing Villa,7544.9,6364.4,5,36,7beaa72fbad90eb9381cbbab5e6f16bd5b0c9c97fd83204a95870e56698e47a1
cubicasa5k/labels/val/13213.txt,13213,val,3,Multi-Wing Villa,3637.4,3314.6,5,19,232b19ebd5734e9dcca25ea2d08b9a0410bd575c8824c8946d6c26dcf0c8fd61
cubicasa5k/labels/val/13239.txt,13239,val,3,Multi-Wing Villa,2526.5,2221.8,4,9,cd543120d3ee61a8ce5a1ea310779ec5ca3d2bc9117f998a732063aac488651d
cubicasa5k/labels/val/13283.txt,13283,val,3,Multi-Wing Villa,5023.4,4366.2,5,15,890ec6928bf2da08bb50c57d8036dd8342480e023f46e22fd8c01055eff8a034
cubicasa5k/labels/val/13285.txt,13285,val,1,Zoned Family Residence,813.1,680.7,2,5,456c97ab5b56aa479c42d72d90297e766cebee695b7c4e7a2e58853d67a12ec2
cubicasa5k/labels/test/1.txt,1,test,3,Multi-Wing Villa,2051.2,1614.6,4,11,65d3e2a62a99b0c6f17d3b0dc3d2eed4ba0c26e2d59657e930c512d5f2ddadaf
cubicasa5k/labels/test/10008.txt,10008,test,3,Multi-Wing Villa,3819.7,3421.8,5,20,4f5b77dd0877c4b3a469a2acd90b1ba4cae3c96e602534ea0d466db5c8befafe
cubicasa5k/labels/test/10016.txt,10016,test,3,Multi-Wing Villa,3865.5,3516.9,5,17,b0ae131e114f88d1e8c615839e1fb2659db35e2067ec0f24e3d23bb83170f00f
cubicasa5k/labels/test/1004.txt,1004,test,1,Zoned Family Residence,660.0,581.4,2,8,2dadf46e468369ddd4580c0cf61f080709a954ffd5b270ab4c16fdecfb30daaf
cubicasa5k/labels/test/10180.txt,10180,test,3,Multi-Wing Villa,4701.0,4125.3,4,14,e1f0fedbcb74960e7b84b60d8de0a2917b4460f493122d278ded8f010086fa85
cubicasa5k/labels/test/10195.txt,10195,test,3,Multi-Wing Villa,2914.8,2280.9,5,22,d58664ee22c65f327eadcc6f4428f473ed49694e935a388eec3ec520be2c7532
cubicasa5k/labels/test/1021.txt,1021,test,3,Multi-Wing Villa,5180.9,4251.5,4,11,a2092994e59faff0c00aa0f1b067bd324dc3becae71c78ef8b623a35786ea50a
cubicasa5k/labels/test/10216.txt,10216,test,3,Multi-Wing Villa,788.6,689.7,4,10,34966d353b591dcacc527564ff15983d3976fe6c4accba72b131888a24e134fd
cubicasa5k/labels/test/10234.txt,10234,test,3,Multi-Wing Villa,1350.6,1175.7,4,10,a9ec537654fc322214d5e97f29a5ac2035b2d4b5264ea48eb5066855c77b0a50
cubicasa5k/labels/test/10316.txt,10316,test,1,Zoned Family Residence,973.7,795.1,2,8,66588c20ec597dca98a9631d0d98d22b087bd4216a10f290833b91e9ba2cee03
cubicasa5k/labels/test/10345.txt,10345,test,1,Zoned Family Residence,1469.8,1193.4,2,7,1b96b8a0c5f59d29b8074452904d7009a5cd985d7bf4987b76364a56d008451f
cubicasa5k/labels/test/10393.txt,10393,test,3,Multi-Wing Villa,2641.4,2416.4,5,16,a1c68188d873b7c7b7a5365c1eb735b2213f2f290154eccfc0b1379f87174ff8
cubicasa5k/labels/test/10478.txt,10478,test,0,Compact Studio,820.6,697.9,1,4,c5d265d0549df0c60d9606e0dcd46fe09d5a6dbc3663b3fbcca7176ddb02fd7e
cubicasa5k/labels/test/10504.txt,10504,test,1,Zoned Family Residence,890.6,778.2,2,7,82149f809396971cda12248593f854e4b8befde550a2e6c980d610edae3b9b53
cubicasa5k/labels/test/10560.txt,10560,test,3,Multi-Wing Villa,1994.3,1799.4,4,12,e04d7065c7513f38fd97dbbf326e23e7aad6f00eb02262575179db649061f889
cubicasa5k/labels/test/10595.txt,10595,test,1,Zoned Family Residence,759.6,681.8,3,9,b1421e2827d0f931d88c7ca6cf19acaa8b5773ca135061ee21016d5dda000ee3
cubicasa5k/labels/test/10602.txt,10602,test,1,Zoned Family Residence,1366.0,1192.4,2,6,c93ad67d775a8436becf944aa9dc0a35806489af798b5f14f8c23823a96294c0
cubicasa5k/labels/test/10614.txt,10614,test,0,Compact Studio,553.9,489.0,1,4,b049389c68f31bc7ab1248debd40e76216901eb9d9d5675ac52c0d2b8147b182
cubicasa5k/labels/test/10630.txt,10630,test,3,Multi-Wing Villa,3405.4,3209.8,5,17,2d4e129a1cf31284978b4b3da3c43b8bb115d28335e1979e860c90ca719a3318
cubicasa5k/labels/test/10707.txt,10707,test,1,Zoned Family Residence,1224.1,1073.4,2,8,e21103e2c8839048e68dcfe770adc1c74cce103efa6e2203320a237fcc56848e
cubicasa5k/labels/test/10712.txt,10712,test,1,Zoned Family Residence,1162.9,1004.8,2,7,afcd188ca924441a070e60f3643091095524543385986a31fd98419057f4973a
cubicasa5k/labels/test/10728.txt,10728,test,0,Compact Studio,389.5,306.0,1,4,a5fadb0ef9ee028655a428f40c6401055230839f15ad5d6daa83a4a0f4c78ddd
cubicasa5k/labels/test/10762.txt,10762,test,1,Zoned Family Residence,1322.5,1107.4,2,6,c85cee21978e3eb70c4c7fcefbbdbf462e69225f3d4def3aceb96627c9d21278
cubicasa5k/labels/test/11035.txt,11035,test,3,Multi-Wing Villa,3408.0,2953.8,5,22,71d03ea40222651233cd2263b11b493042ce35340e796144c8a09309a5222c59
cubicasa5k/labels/test/11079.txt,11079,test,0,Compact Studio,374.6,303.1,1,5,af61417c5a8471e8e26faddfac997fb2355cdcdd35ece681c20d703ef1c70b78
cubicasa5k/labels/test/1109.txt,1109,test,2,Linear Spine,800.7,725.1,3,9,fe4ae41067318158da657701f3c3abf831a5fe5a748ac2e109bcae38d4f594ee
cubicasa5k/labels/test/11091.txt,11091,test,0,Compact Studio,709.1,600.0,1,4,7557028307e4b28053cddd8322746aef3dab2741f2c96456e507b0004263fe8a
cubicasa5k/labels/test/11101.txt,11101,test,0,Compact Studio,579.1,471.3,1,5,c45187e90ad6dd34145d1ff589d4d69eb46078795b95a082d0118624abbdf01d
cubicasa5k/labels/test/11118.txt,11118,test,0,Compact Studio,463.3,402.5,1,3,a5dabc12675669a463d92b6317cafe67be9716b27d25072bbe42e8962a057371
cubicasa5k/labels/test/11193.txt,11193,test,2,Linear Spine,1266.9,1110.9,3,9,ff9e26a1fb170345c25141866880879101ce94a80c9d2bca2150a67f3281f9ca
cubicasa5k/labels/test/11206.txt,11206,test,3,Multi-Wing Villa,2909.4,2613.4,4,13,86680dd97e392bc8e2a540be5d4617c513edeb27f17556d5bcf443d5b46015c9
cubicasa5k/labels/test/11243.txt,11243,test,1,Zoned Family Residence,1455.0,1208.9,2,7,d0ae4c97aaa1253f0e862744c10332693f5d0fcf5b31db2612a7c1740704a513
cubicasa5k/labels/test/11268.txt,11268,test,1,Zoned Family Residence,928.1,784.6,2,5,bcbe60845c0f9da4b5133f54c0604839163d4746888e130ae92319ede89e0e96
cubicasa5k/labels/test/11272.txt,11272,test,0,Compact Studio,346.3,270.4,1,5,ca2d17f0411af6c6d415482a7c331bca5964f5dd247794814462a64cd7fe5dd9
cubicasa5k/labels/test/11368.txt,11368,test,3,Multi-Wing Villa,1941.2,1691.2,4,14,46fd217fe24f3d6e94bb5b1f55f9af8465dd47280818afed94478fdae1ebbd6a
cubicasa5k/labels/test/11384.txt,11384,test,0,Compact Studio,383.6,308.8,1,3,fffecaec5778fd490a02f2e83af3563a64428d20523b5f56026ada90a278b5e0
cubicasa5k/labels/test/11390.txt,11390,test,1,Zoned Family Residence,893.4,765.3,2,6,155bf926e4af443ebc84b7ad64f12a1672423cb4b6405f235ee7884478ffea54
cubicasa5k/labels/test/11397.txt,11397,test,3,Multi-Wing Villa,1243.9,1072.4,4,13,95fa5f05f4329e8d655dccd79a487e9a9c94ba356ec5234e0ec02828d6495942
cubicasa5k/labels/test/11410.txt,11410,test,3,Multi-Wing Villa,2593.4,2198.5,4,8,bde2620a4f53ba121aee9de95c50dfca7a8c0df4be921d814334691007078d0c
cubicasa5k/labels/test/11437.txt,11437,test,1,Zoned Family Residence,1516.9,1284.3,2,8,68e57fe427a851f43871188182a39c06c39711782eb761472d1227933d05f86f
cubicasa5k/labels/test/11556.txt,11556,test,1,Zoned Family Residence,1475.5,1287.6,2,8,26a29b83930b49e3dc21ea37951b44b34f53ec72c78ec14dd2cd19214afcae07
cubicasa5k/labels/test/11580.txt,11580,test,1,Zoned Family Residence,2183.3,1648.4,2,8,f5369ce5aab8b39ae0e063cc3d20d70a0adbe0025a976e6db94ba6ceeecacb8c
cubicasa5k/labels/test/11588.txt,11588,test,1,Zoned Family Residence,2062.9,1857.5,2,8,b86685154c73946086f6be8384f24982b355b275443f6c85ee82873727f7908c
cubicasa5k/labels/test/11589.txt,11589,test,3,Multi-Wing Villa,2788.7,2427.3,4,13,2074e87605063114b9a6329cc271a345e3989f4fdd5eb31f23fe801f88769d31
cubicasa5k/labels/test/1162.txt,1162,test,3,Multi-Wing Villa,2089.8,1828.0,5,20,d6d2a6068cb2f80b3d2b06181a12410aa1ff7da5e4c7e75b5983478858e53cf0
cubicasa5k/labels/test/11648.txt,11648,test,3,Multi-Wing Villa,3083.0,2659.5,5,16,478833e9c5907db8bb67e2d91ae1236bf6fdf8d3e72d783fae811d37229f5960
cubicasa5k/labels/test/11702.txt,11702,test,3,Multi-Wing Villa,2983.6,2684.6,4,14,afce48826b6b0ba12777fb0118ce8f565cbc6046c72363fcbc7f398e432b49b0
cubicasa5k/labels/test/11743.txt,11743,test,3,Multi-Wing Villa,6011.1,5479.9,4,9,91e30a6d021ca546165c642a50301764b66bc84194387de7315a64efceb99ca5
cubicasa5k/labels/test/11749.txt,11749,test,3,Multi-Wing Villa,2072.6,1826.5,4,10,6b18797ec5a7e8166d286755b0e51327cada78f439dff4b4381fca6eb323039b
cubicasa5k/labels/test/11756.txt,11756,test,1,Zoned Family Residence,836.3,698.6,2,8,f03a4f3e46cd762bc3c6e0810f7677110fab54d7a73a23f17b9a242effc08f54
cubicasa5k/labels/test/11883.txt,11883,test,3,Multi-Wing Villa,1819.5,1630.5,4,10,c61c19e22a938ef698b1b779fee6e9952ec07073acad82cbe7b04fc5d1412736
cubicasa5k/labels/test/12012.txt,12012,test,0,Compact Studio,135.6,120.0,1,3,6581846a6a5b5152f272a992fe491f9ca3f8da14f36a58a651427a504df7b6af
cubicasa5k/labels/test/12023.txt,12023,test,3,Multi-Wing Villa,2532.7,2240.3,4,13,4e60e762dca7f2308c0d14a50e93019b77a3a79c52368dd086e1f78372642f80
cubicasa5k/labels/test/12040.txt,12040,test,1,Zoned Family Residence,1213.1,1038.6,2,8,3f7513ab4776d83c96ddbce0327695dff6f2b179c0d889feb6dc8294f955a489
cubicasa5k/labels/test/12042.txt,12042,test,1,Zoned Family Residence,821.1,708.4,2,6,b2003e8b8af8bec79fe5f4f1028c3edb26b4fb4c7a87170288230da727f5fd11
cubicasa5k/labels/test/12075.txt,12075,test,0,Compact Studio,635.8,575.1,1,10,a120148242fc92c28821facc4d8c3fac0792d1c8048190769ef001a440125ae7
cubicasa5k/labels/test/12152.txt,12152,test,1,Zoned Family Residence,1879.9,1624.0,2,6,e6b5ad5b25c30f3305948807747bd27a74d51ae027a5e7ac22bbd1cb23334091
cubicasa5k/labels/test/12163.txt,12163,test,3,Multi-Wing Villa,1996.1,1802.5,4,10,64a1842c570fe3c8d78d85cf7a9a4caf4d5e29daff1c85a9a4ace7b64826230a
cubicasa5k/labels/test/12167.txt,12167,test,0,Compact Studio,403.3,325.3,1,4,ef36107a459689ab73eca660edb40ef60b4471ed5d8adcab3e78b3fe53dd0263
cubicasa5k/labels/test/12245.txt,12245,test,0,Compact Studio,460.2,391.1,1,3,f594733aaf066e04805440e7f374d05a4945e36c32eba8090fef5c59ca31020c
cubicasa5k/labels/test/12249.txt,12249,test,1,Zoned Family Residence,882.7,776.6,2,6,9340695443c86a40eb17203d00497a6570e48f4a4d7070c9d42a14a54397966c
cubicasa5k/labels/test/12284.txt,12284,test,1,Zoned Family Residence,832.0,723.4,2,7,c84a048890cc4f10c10703f49ed6965e5dc702914fa2fa335ab23c061fe28c26
cubicasa5k/labels/test/12412.txt,12412,test,1,Zoned Family Residence,907.3,768.7,2,8,420a615b230d59b598d41815c2eafb781dca068df3cbf4654bcbf0962d299779
cubicasa5k/labels/test/12513.txt,12513,test,3,Multi-Wing Villa,5895.5,5013.9,5,21,2bf8abca203858a2a6e3e5e48be5114ed74f7638c348ce83b847b79312b16bea
cubicasa5k/labels/test/12527.txt,12527,test,0,Compact Studio,749.0,635.3,1,4,0b3621799787bd886930e72ddd91c675d2315766db61e62cbdcfe9c5c67ef45c
cubicasa5k/labels/test/12566.txt,12566,test,3,Multi-Wing Villa,1793.1,1578.9,4,14,3543dd16c725d7a521c5915e8151707a4afd5304a5e32c2ad062002a1ae6cbe7
cubicasa5k/labels/test/12625.txt,12625,test,3,Multi-Wing Villa,6393.6,5776.4,5,18,bfc87a3dcce056d51b7d564f813e3eec41a3956a03169d3ee6f74f0e6f73e0b5
cubicasa5k/labels/test/12638.txt,12638,test,1,Zoned Family Residence,879.1,763.5,2,6,8ca8c497b3f9fcdb655f90993c7ecf5fff719e127b1a09a19518277da9a5b5a2
cubicasa5k/labels/test/12688.txt,12688,test,3,Multi-Wing Villa,4395.1,4002.0,4,12,a17cdd5242c1f6d91bd9b4d55cf5ae5aa76a77dbdfbb9d7b4b7dae8a43069d8c
cubicasa5k/labels/test/12757.txt,12757,test,0,Compact Studio,368.7,304.7,1,4,59b751af24c0e7568d7ca19f817220adc67bb5540c47ef88e23babaf31e719b5
cubicasa5k/labels/test/12841.txt,12841,test,1,Zoned Family Residence,699.6,603.8,2,6,6495e5d1aa329f7f22cfa962ea446baff00fd7a2742be1e011759e79466c3f1f
cubicasa5k/labels/test/12852.txt,12852,test,0,Compact Studio,562.3,460.8,1,5,d68d5ac3029f87843645b32263a9bd111acb1dcb1a948aea50bdfdb871c8d0df
cubicasa5k/labels/test/12878.txt,12878,test,1,Zoned Family Residence,1192.4,1039.6,2,6,ac418027a784f8be8be7535e7fa39b3e4dc7859358fbc9934384a042eefed971
cubicasa5k/labels/test/12914.txt,12914,test,1,Zoned Family Residence,1505.6,1291.8,2,7,32f570f2a59d3da1c9371419c3c0738230fbf20ea4579876735c15e3be18bf37
cubicasa5k/labels/test/13005.txt,13005,test,3,Multi-Wing Villa,993.9,861.9,4,10,92ff6581e4fa0295b8137b03fc7c588e5eed56b49b227824560d00e5c2b4cf33
